Instances,CCASat,clasp,lingeling,glucose,sinn
Industrial/12/SATCompetition2009/application/SAT09/APPLICATIONS/diagnosis/UR-15-10p0.cnf.gz,900,900,434.777,562.828,364.522
Industrial/09/APPLICATION/SAT07/industrial/jarvisalo/eq.atree.braun.8.unsat.cnf.gz,900,10.5104,11.2438,10.7026,20.2848
Industrial/12/satrace2008/marijn-philips.cnf.gz,900,342.266,900,900,900
Industrial/12/SC2012_Application_Debugged/satrace-unselected/ibm/2004/2_31_2/IBM_FV_2004_rule_batch_2_31_2_SAT_dat.k45.debugged.cnf.gz,900,900,900,900,900
Industrial/12/SATCompetition2007/industrial/palacios/hard/sortnet-6-ipc5-h11-unsat.cnf.gz,900,842.655,307.674,129.279,321.792
Industrial/11/11/jarvisalo/AAAI2010-SATPlanning/aaai10-planning-ipc5-rovers-18-step12.cnf.gz,900,148.572,3.96727,1.7156,0.70029
Industrial/12/SATCompetition2009/application/SAT09/APPLICATIONS/diagnosis/UR-20-5p0.cnf.gz,900,900,567.754,451.298,437.543
Industrial/12/SATCompetition2011/application/SAT11/application/jarvisalo/HWMCC10-combination-timeframe-expansion/hwmcc10-timeframe-expansion-k50-pdtpmsns2-tseitin.cnf.gz,900,900,573.396,495.659,900
Industrial/12/SATCompetition2009/application/SAT09/APPLICATIONS/bioinfo/q_query_3_l40_lambda.cnf.gz,900,8.79905,5.62762,2.60489,13.4443
Industrial/09/APPLICATION/SAT07/industrial/anbulagan/hard-unsat/partial-5-15-u.cnf.gz,900,900,900,900,900
Industrial/11/11/kullmann/AES/Benchmarks/64/aes_64_1_keyfind_1.cnf.gz,900,17.2365,806.43,900,900
Industrial/12/SATCompetition2009/application/SAT09/APPLICATIONS/bioinfo/q_query_3_l42_lambda.cnf.gz,900,13.221,7.44118,4.69296,11.1297
Industrial/12/SATCompetition2011/application/SAT11/application/manthey/traffic/traffic_kkb_unknown.cnf.gz,900,218.678,424.373,192.737,270.406
Industrial/12/SATCompetition2011/application/SAT_RACE06/velev-pipe-sat-1.0-b9.cnf.gz,900,900,30.6224,11.9592,96.0038
Industrial/12/satrace2010/cryptography/mizh/sha0_36_5.cnf.gz,900,84.0403,900,430.574,242.322
Industrial/12/SATCompetition2007/industrial/velev/SAT4.0/9vliw_m_9stages_iq3_C1_bug2.cnf.gz,900,14.2244,48.2408,29.2506,70.1622
Industrial/09/APPLICATION/SAT_RACE08/cnf/mizh-md5-48-5.cnf.gz,900,228.652,90.4675,900,35.9905
Industrial/12/SATCompetition2011/application/SAT07/industrial/IBM_FV_2002_13_rule_1/SAT_dat.k45.cnf.gz,900,900,900,191.527,606.424
Industrial/11/09/diagnosis/UTI-10-5t1.cnf.gz,900,1.29622,2.63163,2.56023,1.32144
Industrial/12/SATCompetition2007/industrial/narain/clauses-8.cnf.gz,900,900,270.62,900,801.354
Industrial/11/09/bitverif/maxxororand/maxxororand064.cnf.gz,900,900,900,900,900
Industrial/12/SATCompetition2011/application/SAT07/industrial/anbulagan/hard-sat/partial-10-17-s.cnf.gz,900,900,900,900,900
Industrial/11/05/grieu05/vmpc/vmpc_36.renamed-as.sat05-1922.cnf.gz,900,900,900,900,900
Industrial/11/03/li/li-exam/li-exam-61.shuffled-as.sat03-366.cnf.gz,900,900,900,900,900
Industrial/12/SATCompetition2011/application/SAT11/application/manthey/traffic/traffic_b_unsat.cnf.gz,900,207.376,486.407,173.835,257.69
Industrial/12/SC2012_Application_Debugged/satrace-unselected/ibm/2002/31_2_rule_2/SAT_dat.k80.debugged.cnf.gz,900,900,900,900,900
Industrial/12/SATCompetition2007/industrial/velev/SAT4.0/9vliw_m_9stages_iq3_C1_bug10.cnf.gz,900,21.4429,55.8078,84.8561,73.7786
Industrial/12/satrace2010/software-verification/fuhs/AProVE07-27.cnf.gz,900,900,812.852,727.221,765.037
Industrial/12/SATCompetition2009/application/SAT09/APPLICATIONS/diagnosis/ACG-20-5p1.cnf.gz,900,900,446.516,519.25,900
Industrial/11/11/fuhs/slp-synthesis-AES/slp-synthesis-aes-bottom18.cnf.gz,900,900,900,900,900
Industrial/11/03/li/li-test4/li-test4-100.shuffled-as.sat03-370.cnf.gz,900,900,900,900,900
Industrial/11/07/IBM_FV_2004_30/IBM_FV_2004_rule_batch_30_SAT_dat.k55.cnf.gz,900,900,900,488.396,122.663
Industrial/12/satrace2008/post-c32s-ss-8.cnf.gz,900,900,223.643,134.947,321.655
Industrial/12/satrace2010/software-verification/nec/hard-18-U-10652.cnf.gz,900,9.38031,33.1426,13.7738,24.156
Industrial/09/APPLICATION/SAT_RACE08/cnf/manol-pipe-c10nid_i.cnf.gz,900,900,446.348,104.629,262.25
Industrial/11/11/jarvisalo/HWMCC10-combination-timeframe-expansion/hwmcc10-timeframe-expansion-k50-bc57sensorsp3-tseitin.cnf.gz,900,1.36595,3.30717,2.24647,1.13848
Industrial/12/satrace2008/simon-s02b-r4b1k1.2.cnf.gz,900,528.884,132.139,58.1526,124.392
Industrial/09/APPLICATION/SAT09/APPLICATIONS/bitverif/minor/minor032.cnf.gz,900,0.251475,0.76842,0.309888,0.320754
Industrial/12/satrace2010/mixed/diagnosis/UTI-20-10p0.cnf.gz,900,900,779.432,583.37,710.092
Industrial/12/SATCompetition2009/application/SAT09/APPLICATIONS/aprove09/AProVE09-24.cnf.gz,900,5.39295,7.68095,2.96862,1.06009
Industrial/09/APPLICATION/SAT09/APPLICATIONS/bitverif/countbitsrotate/countbitsrotate016.cnf.gz,900,17.0716,35.0531,11.3911,15.5287
Industrial/12/SC2012_Application_Debugged/satrace-unselected/ibm/2002/20_rule/SAT_dat.k60.debugged.cnf.gz,900,513.536,53.9533,34.8892,57.4743
Industrial/11/11/leberre/2dimensionalstrippacking/E04N18.cnf.gz,900,10.1037,2.09543,1.02516,1.30689
Industrial/12/satrace2010/software-verification/babic/dspam_dump_vc972.cnf.gz,900,1.71781,10.5801,6.73685,1.55971
Industrial/12/SATCompetition2011/application/SAT09/APPLICATIONS/bioinfo/q_query_3_l46_lambda.cnf.gz,900,228.385,207.4,130.604,170.799
Industrial/11/04/vangelder/cnf-color/abb313GPIA-9-c.used-as.sat04-317.cnf.gz,2.75251,900,900,900,900
Industrial/12/satrace2008/palac-sn7-ipc5-h16.cnf.gz,900,224.486,66.3615,33.7355,50.1274
Industrial/12/SATCompetition2011/application/SAT11/application/jarvisalo/smtqfbv-aigs/smtlib-qfbv-aigs-bin_libsmbsharemodes_vc5759-tseitin.cnf.gz,900,2.18937,5.37691,4.56409,1.94157
Industrial/12/SATCompetition2007/industrial/velev/UNSAT2.0/9dlx_vliw_at_b_iq2.cnf.gz,900,900,85.2911,59.4735,709.724
Industrial/12/SATCompetition2011/application/SAT11/application/leberre/2dimensionalstrippacking/E05F20.cnf.gz,900,88.4034,267.603,33.5818,66.5492
Industrial/12/satrace2008/narain-vpn-clauses-10.cnf.gz,900,45.7818,92.1859,49.8314,32.3756
Industrial/09/APPLICATION/SAT09/APPLICATIONS/satComp09_BioInstances/ndhf_xits_17_UNKNOWN.cnf.gz,900,900,900,900,900
Industrial/09/APPLICATION/SAT09/APPLICATIONS/aprove09/AProVE09-12.cnf.gz,900,0.444135,4.05469,0.813125,0.432191
Industrial/11/SAT_RACE08/cnf/ibm-2002-30r-k85.cnf.gz,900,900,338.146,608.706,439.047
Industrial/12/satrace2010/mixed/anbulagan/dated-5-15-u.cnf.gz,900,303.065,83.8677,243.794,217.498
Industrial/09/APPLICATION/SAT09/APPLICATIONS/bitverif/countbitsarray/countbitsarray08_32.cnf.gz,900,900,900,900,900
Industrial/09/APPLICATION/SAT_RACE06/velev-live-uns-2.0-ebuf.cnf.gz,900,13.3689,19.3292,9.77077,19.7935
Industrial/11/07/IBM_FV_2004_30/IBM_FV_2004_rule_batch_30_SAT_dat.k80.cnf.gz,900,900,900,477.995,83.6552
Industrial/12/satrace2010/hardware-verification/velev/12pipe_q0_k.cnf.gz,900,900,900,900,900
Industrial/12/SATCompetition2009/application/SAT09/APPLICATIONS/aprove09/AProVE09-07.cnf.gz,900,1.64023,1.27213,1.40966,5.17542
Industrial/11/11/fuhs/slp-synthesis-AES/slp-synthesis-aes-bottom21.cnf.gz,900,900,900,900,900
Industrial/12/SATCompetition2011/application/SAT03/industrial/simon/sat02/6pipe_6_ooo.shuffled-as.sat03-413.cnf.gz,900,900,82.6911,40.2024,41.0493
Industrial/12/SATCompetition2011/application/SAT07/industrial/vliw_sat_4.0/9vliw_m_9stages_iq3_C1_bug6.cnf.gz,900,35.5234,42.9089,64.7182,69.8354
Industrial/12/SATCompetition2011/application/SAT03/industrial/goldberg/hard_eq_check/c6288mul.miter.shuffled-as.sat03-346.cnf.gz,900,900,900,900,900
Industrial/09/APPLICATION/SAT07/industrial/babic/hsatv17/hsat_vc11813.cnf.gz,900,3.57687,4.70936,11.7922,1.27244
Industrial/09/APPLICATION/SAT_RACE06/manol-pipe-c6nidw_i.cnf.gz,900,108.607,71.4084,15.641,33.5139
Industrial/11/11/kullmann/AES/Benchmarks/128/aes_128_10_keyfind_1.cnf.gz,900,900,900,900,900
Industrial/09/APPLICATION/SAT09/APPLICATIONS/crypto/desgen/gss-26-s100.cnf.gz,900,900,900,900,900
Industrial/12/SATCompetition2009/application/SAT09/APPLICATIONS/aprove09/AProVE09-06.cnf.gz,900,193.614,275.559,752.701,900
Industrial/09/APPLICATION/SAT07/industrial/fuhs/hard/AProVE07-01.cnf.gz,900,900,900,900,900
Industrial/11/11/fuhs/slp-synthesis-AES/slp-synthesis-aes-bottom26.cnf.gz,900,900,900,900,900
Industrial/12/SATCompetition2009/application/SAT09/APPLICATIONS/diagnosis/UTI-15-5p1.cnf.gz,900,330.666,187.12,98.8398,139.161
Industrial/12/SATCompetition2011/application/SAT09/APPLICATIONS/diagnosis/UCG-15-10p1.cnf.gz,900,855.218,229.452,365.929,900
Industrial/09/APPLICATION/SAT_RACE06/goldb-heqc-term1mul.cnf.gz,900,72.8968,152.521,9.20271,16.5461
Industrial/12/satrace2010/software-verification/post/zfcp-2.8-u2-nh.cnf.gz,900,26.9814,235.06,79.0601,79.9092
Industrial/12/SATCompetition2011/application/SAT_RACE06/velev-pipe-o-uns-1.0-7.cnf.gz,900,900,290.307,126.378,117.708
Industrial/12/SATCompetition2011/application/SAT11/application/jarvisalo/HWMCC10-combination-timeframe-expansion/hwmcc10-timeframe-expansion-k45-pdtpmsgoodbakery-tseitin.cnf.gz,900,900,499.675,244.327,451.41
Industrial/12/SATCompetition2009/application/SAT09/APPLICATIONS/diagnosis/ACG-20-10p0.cnf.gz,900,900,900,900,900
Industrial/12/SATCompetition2009/application/SAT09/APPLICATIONS/crypto/desgen/gss-15-s100.cnf.gz,900,59.7406,8.42738,35.3186,8.01041
Industrial/09/APPLICATION/SAT09/APPLICATIONS/c32sat/post-cbmc-aes-ele-noholes.cnf.gz,900,94.4853,97.2634,35.2001,18.3588
Industrial/11/SAT-Race-2010-CNF/hardware-verification/velev/11pipe_11_ooo.cnf.gz,900,900,900,900,900
Industrial/11/03/schuppan/l2s/valves-gates-1-k617-unsat.shuffled-as.sat03-412.cnf.gz,900,900,900,900,900
Industrial/12/SATCompetition2011/application/SAT11/application/leberre/2dimensionalstrippacking/E02F20.cnf.gz,900,107.626,247.189,19.6472,156.693
Industrial/09/APPLICATION/SAT_RACE08/cnf/hoons-vbmc-lucky7.cnf.gz,900,7.81204,4.96975,0.722417,0.66369
Industrial/12/SATCompetition2011/application/SAT11/application/jarvisalo/AAAI2010-SATPlanning/aaai10-planning-ipc5-pipesworld-27-step14.cnf.gz,900,93.1661,230.88,22.4432,145.68
Industrial/12/satrace2008/velev-vliw-uns-2.0-iq1.cnf.gz,900,900,33.1941,22.3541,172.036
Industrial/12/satrace2008/simon-s02-f2clk-50.cnf.gz,900,900,111.382,48.8922,118.926
Industrial/09/APPLICATION/SAT_RACE08/cnf/velev-engi-uns-1.0-4nd.cnf.gz,900,18.0782,25.9177,9.432,9.44716
Industrial/12/satrace2008/post-c32s-gcdm16-22.cnf.gz,900,425.894,122.446,45.9196,75.8954
Industrial/09/APPLICATION/SAT09/APPLICATIONS/satComp09_BioInstances/rbcl_xits_06_UNSAT.cnf.gz,900,10.8164,13.1541,9.3181,9.71134
Industrial/12/satrace2010/software-verification/fuhs/AProVE09-20.cnf.gz,900,429.125,68.3636,61.0289,38.4305
Industrial/09/APPLICATION/SAT_RACE08/cnf/een-tip-sat-texas-tp-5e.cnf.gz,900,0.093433,0.292958,0.283217,0.0997271
Industrial/12/SATCompetition2011/application/SAT03/industrial/goldberg/hard_eq_check/x1mul.miter.shuffled-as.sat03-359.cnf.gz,900,900,900,900,900
Industrial/12/SATCompetition2009/application/SAT09/APPLICATIONS/aprove09/AProVE09-10.cnf.gz,900,0.936196,3.95862,2.8016,1.08032
Industrial/12/satrace2010/software-verification/bitverif/countbitsarray02_32.cnf.gz,900,900,419.021,196.514,682.857
Industrial/12/SATCompetition2011/application/SAT11/application/leberre/2dimensionalstrippacking/E04F19.cnf.gz,900,173.399,180.886,21.807,29.1184
Industrial/12/satrace2008/schup-l2s-bc56s-1-k391.cnf.gz,900,900,731.664,384.929,694.432
Industrial/12/SATCompetition2011/application/SAT07/industrial/manolios/manol-pipe-f7idw.cnf.gz,900,900,113.36,24.8943,36.2158
Industrial/12/SC2012_Application_Debugged/satrace-unselected/ibm/2004/2_31_2/IBM_FV_2004_rule_batch_2_31_2_SAT_dat.k25.debugged.cnf.gz,900,900,74.6184,96.0259,104.294
Industrial/11/11/fuhs/slp-synthesis-AES/slp-synthesis-aes-bottom19.cnf.gz,900,900,900,900,900
Industrial/11/11/kullmann/AES/Benchmarks/64/aes_64_2_keyfind_1.cnf.gz,900,900,900,900,900
Industrial/12/SATCompetition2011/application/SAT11/application/leberre/2dimensionalstrippacking/E02F22.cnf.gz,900,404.389,193.7,188.95,572.864
Industrial/12/SATCompetition2007/industrial/anbulagan/medium-sat/partial-5-11-s.cnf.gz,900,17.0913,37.3259,11.0112,59.8
Industrial/11/11/jarvisalo/HWMCC10-combination-timeframe-expansion/hwmcc10-timeframe-expansion-k50-eijkbs6669-tseitin.cnf.gz,900,900,900,900,900
Industrial/12/satrace2010/hardware-verification/velev/11pipe_k.cnf.gz,900,900,900,900,900
Industrial/12/SATCompetition2011/application/SAT09/APPLICATIONS/bitverif/maxor/maxor128.cnf.gz,900,900,900,900,900
Industrial/11/03/kukula/addm_bench/am_7_7.shuffled-as.sat03-363.cnf.gz,900,900,900,900,900
Industrial/09/APPLICATION/SAT09/APPLICATIONS/satComp09_BioInstances/ndhf_xits_09_UNSAT.cnf.gz,900,900,900,900,900
Industrial/12/SC2012_Application_Debugged/satrace-unselected/ibm/2002/31_2_rule_1/SAT_dat.k55.debugged.cnf.gz,900,900,69.5321,71.5007,135.229
Industrial/12/SATCompetition2007/industrial/velev/UNSAT2.0/9dlx_vliw_at_b_iq4.cnf.gz,900,900,469.439,228.825,900
Industrial/12/SATCompetition2007/industrial/anbulagan/hard-sat/partial-5-19-s.cnf.gz,900,749.27,275.46,900,570.638
Industrial/12/SATCompetition2011/application/SAT11/application/rintanen/SATPlanning/grid-strips-grid-y-3.035-NOTKNOWN.cnf.gz,900,500.773,539.644,280.952,351.069
Industrial/11/11/rintanen/SATPlanning/sokoban-sequential-p145-microban-sequential.070-NOTKNOWN.cnf.gz,900,900,900,900,900
Industrial/12/satrace2008/simon-s03-fifo8-400.cnf.gz,900,47.34,54.761,22.1082,40.2719
Industrial/11/11/fuhs/slp-synthesis-AES/slp-synthesis-aes-top21.cnf.gz,900,900,900,900,900
Industrial/09/APPLICATION/SAT07/industrial/anbulagan/hard-unsat/total-5-15-u.cnf.gz,900,900,900,900,900
Industrial/12/SATCompetition2011/application/SAT_RACE06/ibm-2002-21r-k95.cnf.gz,900,900,47.018,22.5727,22.8145
Industrial/12/SATCompetition2007/industrial/palacios/uts/uts-l06-ipc5-h34-unknown.cnf.gz,900,71.8628,56.0807,21.1435,15.0654
Industrial/12/SATCompetition2011/application/SAT11/application/jarvisalo/AAAI2010-SATPlanning/aaai10-planning-ipc5-pipesworld-12-step15.cnf.gz,900,140.906,121.229,259.002,342.468
Industrial/12/SATCompetition2007/industrial/velev/UNSAT2.0/9dlx_vliw_at_b_iq5.cnf.gz,900,900,789.467,408.143,900
Industrial/12/SC2012_Application_Debugged/satrace-unselected/ibm/2004/1_31_1/IBM_FV_2004_rule_batch_1_31_1_SAT_dat.k40.debugged.cnf.gz,900,900,900,900,900
Industrial/12/satrace2010/software-verification/babic/itox_vc1138.cnf.gz,900,2.66336,3.3625,6.07905,2.61673
Industrial/09/APPLICATION/SAT09/APPLICATIONS/bitverif/icbrt/icbrt1_32.cnf.gz,900,6.85402,11.3085,6.29871,10.4085
Industrial/11/04/vangelder/cnf-color/myciel6-tr.used-as.sat04-320.cnf.gz,900,377.135,900,900,900
Industrial/11/05/grieu05/vmpc/vmpc_35.renamed-as.sat05-1921.cnf.gz,900,900,900,900,900
Industrial/12/SATCompetition2007/industrial/anbulagan/hard-sat/partial-5-17-s.cnf.gz,900,900,900,382.47,609.628
Industrial/09/APPLICATION/SAT07/industrial/vliw_unsat_2.0/9dlx_vliw_at_b_iq9.cnf.gz,900,900,900,900,900
Industrial/11/11/leberre/2dimensionalstrippacking/korf-15.cnf.gz,900,43.6634,10.3504,30.5157,34.1171
Industrial/12/SATCompetition2011/application/SAT11/application/fuhs/slp-synthesis-AES/slp-synthesis-aes-bottom12.cnf.gz,900,22.2716,780.919,65.9982,900
Industrial/11/11/leberre/2dimensionalstrippacking/E05X15.cnf.gz,900,21.3612,40.2292,7.34389,10.5457
Industrial/09/APPLICATION/SAT_RACE06/goldb-heqc-i10mul.cnf.gz,900,900,117.204,46.1309,75.6099
Industrial/11/11/rintanen/SATPlanning/openstacks-sequencedstrips-nonadl-nonnegated-os-sequencedstrips-p30_1.025-NOTKNOWN.cnf.gz,900,900,900,900,900
Industrial/09/APPLICATION/SAT07/industrial/anbulagan/hard-unsat/total-10-17-u.cnf.gz,900,900,900,900,900
Industrial/12/SATCompetition2011/application/SAT11/application/rintanen/SATPlanning/blocks-blocks-36-0.160-NOTKNOWN.cnf.gz,900,57.6394,45.7042,26.3602,103.527
Industrial/11/11/kullmann/AES/Benchmarks/32/aes_32_1_keyfind_1.cnf.gz,900,0.033775,0.14245,0.0561641,0.0177461
Industrial/12/SATCompetition2009/application/SAT09/APPLICATIONS/c32sat/post-cbmc-aes-ee-r2-noholes.cnf.gz,900,900,900,166.413,560.644
Industrial/11/04/hoonsang/vis-bmc/dekker.used-as.sat04-989.cnf.gz,900,64.1415,16.0131,4.09897,8.08261
Industrial/12/satrace2008/velev-vliw-uns-2.0-uq5.cnf.gz,900,900,888.934,443.689,900
Industrial/12/SATCompetition2011/application/SAT07/industrial/fuhs/medium/AProVE07-21.cnf.gz,900,202.262,107.054,32.133,104.868
Industrial/12/satrace2008/narain-vpn-clauses-8.cnf.gz,900,900,261.976,900,768.727
Industrial/12/SC2012_Application_Debugged/satrace-unselected/softveri/cbmc/aes_equiv_encry_3_rounds.debugged.cnf.gz,900,900,900,387.447,900
Industrial/12/satrace2010/cryptography/desgen/gss-16-s100.cnf.gz,900,83.6785,54.7181,29.9648,10.6729
Industrial/11/07/babic/dspam/dspam_dump_vc949.cnf.gz,900,0.805923,2.93345,1.87472,0.6494
Industrial/11/11/rintanen/SATPlanning/blocks-blocks-37-1.130-NOTKNOWN.cnf.gz,900,900,900,900,900
Industrial/12/SATCompetition2007/industrial/babic/dspam/dspam_dump_vc1081.cnf.gz,900,0.741555,3.10143,2.15432,0.748027
Industrial/11/SAT-Race-2010-CNF/software-verification/nec/hard-25-U-7061.cnf.gz,900,4.17266,7.55411,16.5662,3.96302
Industrial/09/APPLICATION/SAT_RACE06/een-tip-uns-nusmv-t5.B.cnf.gz,900,0.624415,2.94144,1.30039,0.724147
Industrial/12/SATCompetition2009/application/SAT09/APPLICATIONS/aprove09/AProVE09-19.cnf.gz,900,3.3534,9.05001,2.51265,1.89318
Industrial/12/SATCompetition2011/application/SAT07/industrial/anbulagan/hard-unsat/dated-10-17-u.cnf.gz,900,900,900,900,900
Industrial/12/SATCompetition2007/industrial/anbulagan/hard-unsat/dated-10-11-u.cnf.gz,900,559.228,375.898,725.489,900
Industrial/11/SAT_RACE08/Q1/SAT_dat.k80_04.cnf.gz,900,33.1471,22.1991,16.9857,25.744
Industrial/12/satrace2010/software-verification/fuhs/AProVE07-16.cnf.gz,900,93.1814,130.218,83.9851,154.389
Industrial/12/SATCompetition2009/application/SAT09/APPLICATIONS/bioinfo/q_query_3_l43_lambda.cnf.gz,900,46.4664,25.0505,20.8176,64.441
Industrial/12/SATCompetition2011/application/SAT09/APPLICATIONS/diagnosis/UCG-20-5p1.cnf.gz,900,800.919,187.839,681.292,559.458
Industrial/12/SATCompetition2011/application/SAT11/application/rintanen/SATPlanning/blocks-blocks-37-1.150-SAT.cnf.gz,900,25.8275,38.7471,48.3235,29.8956
Industrial/12/SATCompetition2011/application/SAT09/APPLICATIONS/satComp09_BioInstances/rbcl_xits_15_SAT.cnf.gz,0.464594,15.5058,0.816221,1.23517,1.21262
Industrial/12/SC2012_Application_Debugged/satrace-unselected/ibm/2002/31_1_rule_1/SAT_dat.k55.debugged.cnf.gz,900,900,900,900,900
Industrial/09/APPLICATION/SAT_RACE06/manol-pipe-f10ni.cnf.gz,900,900,370.438,126.278,222.241
Industrial/12/SATCompetition2009/application/SAT09/APPLICATIONS/bioinfo/q_query_3_l38_lambda.cnf.gz,900,1.59831,2.97039,2.6485,1.26263
Industrial/12/SATCompetition2009/application/SAT09/APPLICATIONS/diagnosis/UR-15-5p0.cnf.gz,900,190.298,93.569,51.196,72.5894
Industrial/12/SATCompetition2011/application/SAT07/industrial/crypto/mizh-sha0-36-2.cnf.gz,900,261.636,900,173.189,878.916
Industrial/12/SATCompetition2009/application/SAT09/APPLICATIONS/bitverif/countbitssrl/countbitssrl032.cnf.gz,900,900,751.354,398.866,818.398
Industrial/12/SC2012_Application_Debugged/satrace-unselected/ibm/2002/20_rule/SAT_dat.k90.debugged.cnf.gz,900,900,74.6672,24.2959,139.308
Industrial/12/SATCompetition2007/industrial/palacios/medium/cube-9-h11-sat.cnf.gz,900,74.4637,823.881,120.913,104.057
Industrial/12/SATCompetition2009/application/SAT09/APPLICATIONS/bitverif/countbitswegner/countbitswegner064.cnf.gz,900,900,372.066,66.3213,81.9876
Industrial/12/SATCompetition2011/application/SAT09/APPLICATIONS/bioinfo/q_query_3_L70_coli.sat.cnf.gz,900,900,80.0616,39.1791,53.3894
Industrial/12/SATCompetition2011/application/SAT07/industrial/fuhs/hard/AProVE07-03.cnf.gz,900,338.177,900,211.062,900
Industrial/12/SATCompetition2009/application/SAT09/APPLICATIONS/diagnosis/UTI-20-5p1.cnf.gz,900,900,825.775,312.309,679.556
Industrial/12/SATCompetition2009/application/SAT09/APPLICATIONS/aprove09/AProVE09-08.cnf.gz,900,2.71658,12.1754,2.49301,11.303
Industrial/12/SATCompetition2007/industrial/narain/clauses-10.cnf.gz,900,52.0715,106.75,61.2242,33.1213
Industrial/12/satrace2010/software-verification/bitverif/minxorminand128.cnf.gz,900,900,900,900,900
Industrial/12/SATCompetition2009/application/SAT09/APPLICATIONS/bioinfo/q_query_3_l39_lambda.cnf.gz,900,2.12703,8.60463,2.41179,4.1379
Industrial/09/APPLICATION/SAT09/APPLICATIONS/bitverif/minand/minand128.cnf.gz,900,5.79884,21.7622,11.4167,13.0675
Industrial/09/APPLICATION/SAT09/APPLICATIONS/bitverif/minor/minor064.cnf.gz,900,7.29869,8.44721,1.90468,2.31234
Industrial/12/satrace2008/goldb-heqc-frg1mul.cnf.gz,900,900,900,129.109,900
Industrial/12/SATCompetition2011/application/SAT02/industrial/aloul/Homer/homer17.shuffled.cnf.gz,900,900,900,900,900
Industrial/12/SATCompetition2011/application/SAT03/industrial/maris/CNF/gripper13u.shuffled-as.sat03-395.cnf.gz,900,900,776.354,900,900
Industrial/12/SATCompetition2011/application/SAT_RACE06/velev-pipe-o-uns-1.1-6.cnf.gz,900,900,56.5331,86.3845,93.248
Industrial/11/05/maris05/Rovers/rovers1_ks99i.renamed-as.sat05-3971.cnf.gz,0.0455351,0.034581,0.0625811,0.0528021,0.016471
Industrial/12/SATCompetition2011/application/SAT11/application/manthey/traffic/traffic_r_uc_sat.cnf.gz,900,900,728.627,900,274.958
Industrial/12/SC2012_Application_Debugged/satrace-unselected/ibm/2002/24_1_rule_2/SAT_dat.k55.debugged.cnf.gz,900,900,900,900,900
Industrial/12/SATCompetition2011/application/SAT07/industrial/jarvisalo/eq.atree.braun.11.unsat.cnf.gz,900,900,900,900,900
Industrial/12/SATCompetition2009/application/SAT09/APPLICATIONS/crypto/desgen/gss-24-s100.cnf.gz,900,900,900,900,900
Industrial/09/APPLICATION/SAT_RACE06/manol-pipe-c9.cnf.gz,900,4.26738,2.98323,1.20028,1.49043
Industrial/12/satrace2008/simon-s02b-r4b1k1.1.cnf.gz,900,148.786,46.3181,21.3675,102.459
Industrial/09/APPLICATION/SAT09/APPLICATIONS/crypto/desgen/gss-34-s100.cnf.gz,900,900,900,900,900
Industrial/11/09/bitverif/countbitsarray/countbitsarray04_32.cnf.gz,900,900,900,900,900
Industrial/12/SATCompetition2011/application/SAT11/application/manthey/traffic/traffic_3b_unknown.cnf.gz,900,224.325,463.678,219.532,278.68
Industrial/11/09/diagnosis/UTI-20-10t0.cnf.gz,900,4.9154,12.4075,9.44012,7.34458
Industrial/12/satrace2010/mixed/anbulagan/dated-5-13-u.cnf.gz,900,900,900,900,900
Industrial/11/11/leberre/2dimensionalstrippacking/E03N17.cnf.gz,900,5.59659,3.68613,2.08977,1.44313
Industrial/12/satrace2010/mixed/palacios/safe-30-h30-sat.cnf.gz,900,900,42.3284,13.7934,3.27547
Industrial/09/APPLICATION/SAT07/industrial/babic/xinetd/xinetd_vc56703.cnf.gz,900,0.285395,0.18094,0.516245,0.224195
Industrial/12/satrace2010/cryptography/mizh/md5_48_3.cnf.gz,900,44.1368,469.657,410.284,57.896
Industrial/09/APPLICATION/SAT09/APPLICATIONS/bitverif/countbitsarray/countbitsarray32_32.cnf.gz,900,900,900,900,900
Industrial/11/11/kullmann/AES/Benchmarks/32/aes_32_2_keyfind_1.cnf.gz,900,2.74398,6.42108,21.2591,1.47533
Industrial/09/APPLICATION/SAT07/industrial/palacios/uts/uts-l05-ipc5-h26-unsat.cnf.gz,900,18.1666,34.6248,6.72001,15.9752
Industrial/09/APPLICATION/SAT09/APPLICATIONS/aprove09/AProVE09-01.cnf.gz,900,0.791838,1.50285,1.63406,0.706518
Industrial/12/SATCompetition2011/application/SAT07/industrial/palacios/medium/cube-11-h14-sat.cnf.gz,900,806.14,900,393.505,803.578
Industrial/12/SATCompetition2009/application/SAT09/APPLICATIONS/bioinfo/q_query_3_l47_lambda.cnf.gz,900,201.66,229.046,118.119,204.09
Industrial/12/SATCompetition2009/application/SAT09/APPLICATIONS/satComp09_BioInstances/ndhf_xits_22_SAT.cnf.gz,1.22035,900,2.48483,7.63361,8.8112
Industrial/09/APPLICATION/SAT07/industrial/grieu/vmpc_24.cnf.gz,87.7901,24.0074,28.4943,1.13911,13.6543
Industrial/09/APPLICATION/SAT07/industrial/palacios/uts/uts-l06-ipc5-h28-unknown.cnf.gz,900,27.768,44.0166,10.918,15.3129
Industrial/12/SATCompetition2009/application/SAT09/APPLICATIONS/bitverif/minxorminand/minxorminand064.cnf.gz,900,56.229,193.004,278.631,266.495
Industrial/11/SAT_RACE08/cnf/manol-pipe-f7nidw.cnf.gz,900,900,121.914,40.6567,43.0243
Industrial/12/SATCompetition2009/application/SAT09/APPLICATIONS/crypto/desgen/gss-17-s100.cnf.gz,900,138.291,129.7,230.688,45.2968
Industrial/12/SATCompetition2011/application/SAT02/industrial/dellacherie/comb/comb1.shuffled.cnf.gz,900,900,900,123.346,900
Industrial/11/11/kullmann/AES/Benchmarks/32/aes_32_4_keyfind_1.cnf.gz,900,900,900,900,900
Industrial/12/satrace2008/grieu-vmpc-27.cnf.gz,102.395,112.828,58.5672,134.287,44.4628
Industrial/12/SATCompetition2011/application/SAT11/application/jarvisalo/AAAI2010-SATPlanning/aaai10-planning-ipc5-pathways-13-step17.cnf.gz,900,900,443.181,528.022,900
Industrial/11/11/kullmann/AES/Benchmarks/128/aes_128_3_keyfind_1.cnf.gz,900,900,900,900,900
Industrial/12/SATCompetition2009/application/SAT09/APPLICATIONS/bioinfo/q_query_3_L60_coli.sat.cnf.gz,900,206.004,54.8182,19.7752,31.8837
Industrial/12/SATCompetition2011/application/SAT11/application/jarvisalo/smtqfbv-aigs/smtlib-qfbv-aigs-nlzbe256-tseitin.cnf.gz,900,11.7365,68.0503,34.7681,19.3631
Industrial/12/SC2012_Application_Debugged/satrace-unselected/ibm/2002/31_1_rule_1/SAT_dat.k40.debugged.cnf.gz,900,900,900,900,900
Industrial/09/APPLICATION/SAT09/APPLICATIONS/bitverif/smulo/smulo016.cnf.gz,900,28.8396,14.4403,5.66513,8.87813
Industrial/12/satrace2008/een-tip-sat-nusmv-t5.B.cnf.gz,900,0.652464,3.18254,1.58585,0.702773
Industrial/11/11/jarvisalo/HWMCC10-combination-timeframe-expansion/hwmcc10-timeframe-expansion-k50-nusmvreactorp4-tseitin.cnf.gz,900,0.793813,0.8715,1.67573,0.791605
Industrial/09/APPLICATION/SAT_RACE08/cnf/cmu-bmc-barrel6.cnf.gz,900,0.946111,0.300248,1.53225,1.75498
Industrial/09/APPLICATION/SAT09/APPLICATIONS/aprove09/AProVE09-22.cnf.gz,900,0.160684,0.795649,0.317491,0.188631
Industrial/09/APPLICATION/SAT_RACE08/cnf/manol-pipe-g10nid.cnf.gz,900,900,126.948,19.7046,51.822
Industrial/11/09/crypto/md5gen/gus-md5-12.cnf.gz,900,900,900,900,900
Industrial/12/satrace2008/velev-vliw-uns-4.0-9-i1.cnf.gz,900,900,900,900,900
Industrial/09/APPLICATION/SAT09/APPLICATIONS/satComp09_BioInstances/rpoc_xits_14_UNKNOWN.cnf.gz,900,900,900,900,900
Industrial/11/09/bitverif/countbitswegner/countbitswegner128.cnf.gz,900,900,900,900,900
Industrial/12/SC2012_Application_Debugged/satrace-unselected/ibm/2002/31_1_rule_2/SAT_dat.k60.debugged.cnf.gz,900,900,900,900,900
Industrial/09/APPLICATION/SAT07/industrial/anbulagan/hard-unsat/partial-5-17-u.cnf.gz,900,900,900,900,900
Industrial/12/SATCompetition2011/application/SAT11/application/jarvisalo/HWMCC10-combination-timeframe-expansion/hwmcc10-timeframe-expansion-k50-pdtviseisenberg2-tseitin.cnf.gz,900,900,58.6093,26.3017,44.6734
Industrial/09/APPLICATION/SAT09/APPLICATIONS/satComp09_BioInstances/rbcl_xits_11_UNKNOWN.cnf.gz,900,900,900,900,900
Industrial/12/SATCompetition2011/application/SAT02/industrial/aloul/Homer/homer14.shuffled.cnf.gz,900,168.048,814.715,673.031,900
Industrial/12/SATCompetition2007/industrial/babic/dspam/dspam_dump_vc1104.cnf.gz,900,2.21243,6.42456,6.64966,1.61064
Industrial/12/SATCompetition2011/application/SAT11/application/jarvisalo/smtqfbv-aigs/smtlib-qfbv-aigs-servers_slapd_a_vc149789-tseitin.cnf.gz,900,1.67816,6.48527,601.278,2.04346
Industrial/12/SATCompetition2011/application/SAT09/APPLICATIONS/diagnosis/ACG-10-10p0.cnf.gz,900,95.7146,70.8336,44.2571,60.3665
Industrial/12/SATCompetition2011/application/SAT11/application/fuhs/AProVE11/AProVE11-13.cnf.gz,900,6.07295,12.3024,17.7099,7.84046
Industrial/09/APPLICATION/SAT09/APPLICATIONS/bitverif/countbitssrl/countbitssrl128.cnf.gz,900,900,900,900,900
Industrial/09/APPLICATION/SAT09/APPLICATIONS/bitverif/maxxor/maxxor128.cnf.gz,900,900,900,900,900
Industrial/11/11/fuhs/slp-synthesis-AES/slp-synthesis-aes-bottom15.cnf.gz,900,900,900,900,900
Industrial/09/APPLICATION/SAT09/APPLICATIONS/crypto/md5gen/gus-md5-11.cnf.gz,900,900,900,900,900
Industrial/12/SATCompetition2009/application/SAT09/APPLICATIONS/bitverif/maxxororand/maxxororand032.cnf.gz,900,900,795.806,364.903,296.034
Industrial/09/APPLICATION/SAT_RACE06/manol-pipe-c10nidw_s.cnf.gz,900,380.514,28.8528,11.3483,11.5652
Industrial/12/SATCompetition2007/industrial/palacios/medium/emptyroom-4-h22-sat.cnf.gz,900,187.45,627.917,87.8294,85.0264
Industrial/09/APPLICATION/SAT09/APPLICATIONS/crypto/md5gen/gus-md5-05.cnf.gz,900,8.25242,21.8018,6.19833,8.44243
Industrial/12/SATCompetition2011/application/SAT09/APPLICATIONS/satComp09_BioInstances/ndhf_xits_19_UNKNOWN.cnf.gz,5.49226,900,4.23289,750.818,80.4867
Industrial/09/APPLICATION/SAT09/APPLICATIONS/aprove09/AProVE09-03.cnf.gz,900,0.546567,2.27064,1.32662,0.599744
Industrial/12/satrace2008/ibm-2002-18r-k90.cnf.gz,900,900,102.426,56.2972,113.71
Industrial/09/APPLICATION/SAT_RACE06/manol-pipe-c7nidw.cnf.gz,900,406.358,131.748,31.9063,72.3475
Industrial/12/satrace2008/velev-vliw-sat-4.0-b8.cnf.gz,900,33.121,42.4381,69.8543,122.728
Industrial/12/SATCompetition2009/application/SAT09/APPLICATIONS/bioinfo/q_query_3_l41_lambda.cnf.gz,900,13.6668,5.85574,2.52683,10.452
Industrial/11/11/leberre/2dimensionalstrippacking/E00X23.cnf.gz,900,900,900,900,900
Industrial/12/SATCompetition2009/application/SAT09/APPLICATIONS/crypto/desgen/gss-23-s100.cnf.gz,900,900,900,900,900
Industrial/12/satrace2010/cryptography/mizh/md5_48_1.cnf.gz,900,900,446.639,211.449,101.814
Industrial/09/APPLICATION/SAT_RACE06/manol-pipe-g10id.cnf.gz,900,95.1697,52.5154,10.0438,18.1063
Industrial/09/APPLICATION/SAT09/APPLICATIONS/diagnosis/ACG-10-5p0.cnf.gz,900,17.4961,33.1637,15.5309,17.0534
Industrial/12/satrace2008/maris-s03-gripper11.cnf.gz,900,900,7.25378,4.90554,14.1981
Industrial/12/SATCompetition2009/application/SAT_RACE06/schup-l2s-guid-1-k56.cnf.gz,900,900,52.1119,50.6937,87.7026
Industrial/12/SATCompetition2007/industrial/fuhs/medium/AProVE07-02.cnf.gz,900,225.229,377.915,437.173,525.774
Industrial/12/SATCompetition2007/industrial/narain/clauses-4.cnf.gz,900,26.2995,23.1766,30.8556,16.1482
Industrial/12/SATCompetition2011/application/SAT11/application/rintanen/SATPlanning/blocks-blocks-36-0.180-SAT.cnf.gz,900,34.1972,194.451,27.8083,86.6374
Industrial/12/SATCompetition2007/industrial/fuhs/medium/AProVE07-06.cnf.gz,900,207.453,104.592,81.0698,50.9393
Industrial/11/07/IBM_FV_2002_13_rule_1/SAT_dat.k100.cnf.gz,900,900,900,210.704,487.366
Industrial/12/SATCompetition2011/application/SAT11/application/jarvisalo/smtqfbv-aigs/smtlib-qfbv-aigs-rfunit_flat-64-tseitin.cnf.gz,164.819,1.21753,4.37142,26.025,1.4663
Industrial/12/SATCompetition2011/application/SAT03/industrial/schuppan/l2s/bc57-sensors-1-k303-unsat.shuffled-as.sat03-406.cnf.gz,900,900,674.369,900,900
Industrial/12/SATCompetition2011/application/SAT11/application/manthey/traffic/traffic_pcb_unknown.cnf.gz,900,201.634,431.132,164.098,265.808
Industrial/09/APPLICATION/SAT09/APPLICATIONS/crypto/desgen/gss-13-s100.cnf.gz,900,24.3216,15.1303,7.87446,6.43044
Industrial/09/APPLICATION/SAT09/APPLICATIONS/bioinfo/q_query_2_L324_coli.cnf.gz,900,6.91931,9.67313,78.9683,28.7961
Industrial/12/SATCompetition2007/industrial/grieu/vmpc_26.cnf.gz,317.347,50.2466,116.885,26.1667,7.06876
Industrial/12/SATCompetition2007/industrial/velev/SAT4.0/9vliw_m_9stages_iq3_C1_bug8.cnf.gz,900,49.0622,41.8545,71.1629,120.311
Industrial/09/APPLICATION/SAT07/industrial/jarvisalo/eq.atree.braun.9.unsat.cnf.gz,900,58.989,42.3945,47.514,79.0086
Industrial/09/APPLICATION/SAT_RACE08/cnf/mizh-md5-47-3.cnf.gz,900,240.318,215.089,897.086,33.3502
Industrial/09/APPLICATION/SAT09/APPLICATIONS/diagnosis/UR-10-5p0.cnf.gz,900,12.9189,30.3884,13.872,17.2586
Industrial/09/APPLICATION/SAT_RACE08/cnf/manol-pipe-c6bidw_i.cnf.gz,900,131.715,70.5952,16.0918,29.7458
Industrial/09/APPLICATION/SAT09/APPLICATIONS/satComp09_BioInstances/rbcl_xits_13_UNKNOWN.cnf.gz,900,900,900,900,900
Industrial/12/SATCompetition2007/industrial/jarvisalo/eq.atree.braun.10.unsat.cnf.gz,900,416.103,366.477,259.266,636.373
Industrial/12/SC2012_Application_Debugged/satrace-unselected/ibm/2002/31_1_rule_3/SAT_dat.k100.debugged.cnf.gz,900,900,900,900,900
Industrial/12/SATCompetition2007/industrial/anbulagan/hard-unsat/partial-10-19-u.cnf.gz,900,900,900,900,900
Industrial/11/11/jarvisalo/smtqfbv-aigs/smtlib-qfbv-aigs-VS3-benchmark-S2-tseitin.cnf.gz,900,900,900,900,900
Industrial/12/SATCompetition2011/application/SAT11/application/kullmann/AES/Benchmarks/32/aes_32_3_keyfind_1.cnf.gz,900,900,900,900,900
Industrial/12/SATCompetition2011/application/SAT07/industrial/vliw_sat_4.0/9vliw_m_9stages_iq3_C1_bug5.cnf.gz,900,89.8958,62.627,26.0215,93.9556
Industrial/12/satrace2010/mixed/palacios/sortnet-8-ipc5-h19-sat.cnf.gz,900,900,900,900,900
Industrial/12/SATCompetition2007/industrial/anbulagan/medium-sat/partial-5-13-s.cnf.gz,900,900,80.1993,198.882,55.2544
Industrial/09/APPLICATION/SAT09/APPLICATIONS/crypto/desgen/gss-27-s100.cnf.gz,900,900,900,900,900
Industrial/09/APPLICATION/SAT07/industrial/palacios/hard/sortnet-8-ipc5-h18-unsat.cnf.gz,900,900,900,900,900
Industrial/12/SATCompetition2009/application/SAT09/APPLICATIONS/aprove09/AProVE09-15.cnf.gz,900,4.2979,19.9055,5.46482,5.12934
Industrial/09/APPLICATION/SAT07/industrial/palacios/hard/safe-50-h49-unsat.cnf.gz,900,900,900,900,900
Industrial/12/satrace2010/mixed/diagnosis/ACG-20-10p1.cnf.gz,900,900,900,900,900
Industrial/12/SATCompetition2011/application/SAT02/industrial/aloul/Homer/homer16.shuffled.cnf.gz,900,579.734,900,900,900
Industrial/09/APPLICATION/SAT09/APPLICATIONS/aprove09/AProVE09-05.cnf.gz,900,0.487765,3.45288,1.12466,1.50069
Industrial/09/APPLICATION/SAT07/industrial/palacios/uts/uts-l05-ipc5-h27-unknown.cnf.gz,900,39.4157,34.4089,8.3453,15.5434
Industrial/09/APPLICATION/SAT09/APPLICATIONS/satComp09_BioInstances/ndhf_xits_15_UNKNOWN.cnf.gz,900,900,900,900,900
Industrial/12/satrace2008/velev-npe-1.0-9dlx-b71.cnf.gz,900,900,900,41.3978,345.829
Industrial/09/APPLICATION/SAT09/APPLICATIONS/diagnosis/UCG-10-5p0.cnf.gz,900,21.4299,21.7498,9.15895,16.572
Industrial/11/11/jarvisalo/HWMCC10-combination-timeframe-expansion/hwmcc10-timeframe-expansion-k50-pdtswvsam6x8p3-tseitin.cnf.gz,900,4.83974,28.4207,5.3816,3.57933
Industrial/12/SATCompetition2011/application/SAT02/industrial/nam/fpga-routing/k2fix_gr_rcs_w9.shuffled.cnf.gz,900,891.654,50.5264,30.8701,88.8654
Industrial/12/SATCompetition2011/application/SAT11/application/fuhs/AProVE11/AProVE11-07.cnf.gz,900,10.2681,16.6065,7.11898,7.53694
Industrial/12/SATCompetition2009/application/SAT09/APPLICATIONS/diagnosis/UTI-15-10p1.cnf.gz,900,447.643,258.954,155.32,152.646
Industrial/12/SATCompetition2011/application/SAT11/application/fuhs/slp-synthesis-AES/slp-synthesis-aes-bottom13.cnf.gz,900,40.048,900,745.692,900
Industrial/09/APPLICATION/SAT09/APPLICATIONS/aprove09/AProVE09-11.cnf.gz,900,0.278539,3.16006,0.64264,0.331991
Industrial/12/SATCompetition2011/application/SAT11/application/manthey/traffic/traffic_fb_unknown.cnf.gz,900,240.063,433.642,184.862,247.213
Industrial/12/SATCompetition2011/application/SAT11/application/rintanen/SATPlanning/transport-transport-two-cities-sequential-15nodes-1000size-3degree-100mindistance-3trucks-10packages-2008seed.040-SAT.cnf.gz,900,900,900,342.073,900
Industrial/12/satrace2008/post-cbmc-aes-ee-r2.cnf.gz,900,900,900,165.875,504.146
Industrial/12/SATCompetition2011/application/SAT11/application/fuhs/slp-synthesis-AES/slp-synthesis-aes-top24.cnf.gz,900,900,900,900,900
Industrial/09/APPLICATION/SAT09/APPLICATIONS/crypto/md5gen/gus-md5-15.cnf.gz,900,900,900,900,900
Industrial/12/SATCompetition2011/application/SAT11/application/jarvisalo/smtqfbv-aigs/smtlib-qfbv-aigs-bin_libsmbclient_vc1228502-tseitin.cnf.gz,900,3.01954,6.95587,7.42288,2.95012
Industrial/12/SATCompetition2011/application/SAT11/application/fuhs/slp-synthesis-AES/slp-synthesis-aes-top28.cnf.gz,900,900,900,900,900
Industrial/12/SATCompetition2007/industrial/grieu/vmpc_33.cnf.gz,900,8.25477,900,900,900
Industrial/12/SATCompetition2011/application/SAT11/application/rintanen/SATPlanning/openstacks-sequencedstrips-nonadl-nonnegated-os-sequencedstrips-p30_3.035-NOTKNOWN.cnf.gz,900,900,900,900,900
Industrial/11/11/jarvisalo/smtqfbv-aigs/smtlib-qfbv-aigs-countbits128-tseitin.cnf.gz,900,900,900,900,900
Industrial/12/satrace2008/velev-vliw-uns-2.0-iq2.cnf.gz,900,900,120.861,68.1824,733.362
Industrial/09/APPLICATION/SAT_RACE08/cnf/manol-pipe-c10nidw.cnf.gz,900,900,609.096,148.741,326.595
Industrial/12/SATCompetition2011/application/SAT09/APPLICATIONS/diagnosis/UCG-15-5p0.cnf.gz,900,92.4349,70.4901,54.0538,54.4925
Industrial/12/SATCompetition2011/application/SAT11/application/jarvisalo/smtqfbv-aigs/smtlib-qfbv-aigs-ext_con_032_008_0256-tseitin.cnf.gz,900,828.526,2.0938,0.63378,900
Industrial/12/SATCompetition2011/application/SAT11/application/fuhs/slp-synthesis-AES/slp-synthesis-aes-top26.cnf.gz,900,900,900,900,900
Industrial/11/11/fuhs/slp-synthesis-AES/slp-synthesis-aes-top29.cnf.gz,900,900,900,900,900
Industrial/12/SATCompetition2007/industrial/anbulagan/medium-sat/partial-5-15-s.cnf.gz,900,900,217.871,65.0463,87.6858
Industrial/11/02/biere/dinphil/dp04s04.shuffled.cnf.gz,798.452,0.0191261,0.0667931,0.0405851,0.018346
Industrial/11/11/kullmann/AES/Benchmarks/128/aes_128_2_keyfind_1.cnf.gz,900,900,900,900,900
Industrial/11/11/rintanen/SATPlanning/sokoban-sequential-p145-microban-sequential.050-NOTKNOWN.cnf.gz,900,900,900,900,900
Industrial/09/APPLICATION/SAT_RACE08/cnf/mizh-sha0-36-3.cnf.gz,900,900,900,900,460.218
Industrial/12/SATCompetition2011/application/SAT02/industrial/nam/fpga-routing/k2fix_gr_rcs_w8.shuffled.cnf.gz,900,900,900,900,900
Industrial/09/APPLICATION/SAT07/industrial/anbulagan/hard-unsat/partial-5-11-u.cnf.gz,900,900,900,900,900
Industrial/12/SATCompetition2007/industrial/anbulagan/medium-unsat/total-10-11-u.cnf.gz,900,13.0682,32.1532,35.5769,40.4328
Industrial/09/APPLICATION/SAT07/industrial/babic/hsatv17/hsat_vc11803.cnf.gz,900,3.08214,4.37327,8.30739,1.03952
Industrial/12/SATCompetition2007/industrial/velev/SAT4.0/9vliw_m_9stages_iq3_C1_bug9.cnf.gz,900,47.6808,51.0642,123.301,97.0732
Industrial/12/SC2012_Application_Debugged/satrace-unselected/ibm/2002/23_rule/SAT_dat.k85.debugged.cnf.gz,900,900,258.628,198.503,204.569
Industrial/11/07/IBM_FV_2002_13_rule_1/SAT_dat.k20.cnf.gz,900,900,900,252.597,547.196
Industrial/12/SATCompetition2009/application/SAT09/APPLICATIONS/satComp09_BioInstances/rbcl_xits_14_SAT.cnf.gz,0.330925,791.558,1.7534,3.7351,1.03516
Industrial/12/SATCompetition2011/application/SAT11/application/rintanen/SATPlanning/openstacks-sequencedstrips-nonadl-nonnegated-os-sequencedstrips-p30_3.085-SAT.cnf.gz,900,900,33.1472,23.1383,13.9681
Industrial/09/APPLICATION/SAT09/APPLICATIONS/satComp09_BioInstances/rpoc_xits_12_UNKNOWN.cnf.gz,900,900,900,900,900
Industrial/09/APPLICATION/SAT09/APPLICATIONS/crypto/md5gen/gus-md5-06.cnf.gz,900,20.4608,49.3815,16.2864,15.3381
Industrial/11/11/kullmann/AES/Benchmarks/32/aes_32_5_keyfind_1.cnf.gz,900,900,900,900,900
Industrial/12/SATCompetition2007/industrial/babic/xinetd/itox_vc1033.cnf.gz,900,2.0552,2.89713,5.43164,1.82186
Industrial/12/SATCompetition2009/application/SAT09/APPLICATIONS/bioinfo/q_query_3_L200_coli.sat.cnf.gz,900,900,268.742,159.551,269.06
Industrial/11/11/kullmann/AES/Benchmarks/64/aes_64_3_keyfind_1.cnf.gz,900,900,900,900,900
Industrial/09/APPLICATION/SAT_RACE06/manol-pipe-c7bidw_i.cnf.gz,900,325.668,105.584,32.6373,56.609
Industrial/12/satrace2010/mixed/bioinf/q_query_3_l44_lambda.cnf.gz,900,261.158,211.847,138.827,179.184
Industrial/11/02/goldberg/rand_net/rand_net60-30-1.shuffled.cnf.gz,900,0.14487,0.0689821,0.194032,0.156282
Industrial/12/SATCompetition2011/application/SAT11/application/fuhs/AProVE11/AProVE11-16.cnf.gz,900,1.05704,5.70438,2.47687,1.3437
Industrial/12/satrace2010/mixed/anbulagan/total-10-19-s.cnf.gz,900,11.8562,6.9612,15.0501,29.7713
Industrial/11/11/jarvisalo/HWMCC10-combination-timeframe-expansion/hwmcc10-timeframe-expansion-k45-pdtpmspalu-tseitin.cnf.gz,900,900,900,900,900
Industrial/09/APPLICATION/SAT07/industrial/palacios/hard/sortnet-7-ipc5-h15-unsat.cnf.gz,900,900,900,900,900
Industrial/12/SATCompetition2011/application/SAT11/application/jarvisalo/smtqfbv-aigs/smtlib-qfbv-aigs-lfsr_004_127_112-tseitin.cnf.gz,900,8.53187,77.8596,900,10.2041
Industrial/12/SATCompetition2011/application/SAT11/application/jarvisalo/AAAI2010-SATPlanning/aaai10-planning-ipc5-pathways-17-step21.cnf.gz,900,608.071,434.171,900,900
Industrial/12/SATCompetition2011/application/SAT11/application/fuhs/AProVE11/AProVE11-09.cnf.gz,900,0.931667,2.75898,1.83294,0.844756
Industrial/12/SATCompetition2011/application/SAT09/APPLICATIONS/bitverif/maxxor/maxxor032.cnf.gz,900,900,87.7178,153.952,249.203
Industrial/12/satrace2010/cryptography/mizh/md5_47_4.cnf.gz,900,78.0737,181.849,386.066,89.2974
Industrial/11/11/jarvisalo/HWMCC10-combination-timeframe-expansion/hwmcc10-timeframe-expansion-k50-pdtvisns2p3-tseitin.cnf.gz,900,814.27,52.1146,7.00135,8.32563
Industrial/12/satrace2010/mixed/bioinf/q_query_3_l48_lambda.cnf.gz,900,334.561,178.546,152.225,223.249
Industrial/11/11/fuhs/slp-synthesis-AES/slp-synthesis-aes-bottom24.cnf.gz,900,900,900,900,900
Industrial/12/SATCompetition2011/application/SAT09/APPLICATIONS/crypto/desgen/gss-21-s100.cnf.gz,900,200.888,900,900,900
Industrial/12/SATCompetition2011/application/SAT05/industrial/grieu05/vmpc/vmpc_34.renamed-as.sat05-1926.cnf.gz,900,900,900,795.888,719.274
Industrial/12/SATCompetition2009/application/SAT09/APPLICATIONS/diagnosis/UR-15-10p1.cnf.gz,900,900,563.661,777.342,900
Industrial/12/SATCompetition2007/industrial/velev/SAT4.0/9vliw_m_9stages_iq3_C1_bug1.cnf.gz,900,43.783,217.576,59.7096,76.8425
Industrial/12/SATCompetition2011/application/SAT09/APPLICATIONS/diagnosis/UR-10-10p1.cnf.gz,900,122.635,60.3904,43.5367,88.9649
Industrial/12/SC2012_Application_Debugged/satrace-unselected/ibm/2004/2_31_1/IBM_FV_2004_rule_batch_2_31_1_SAT_dat.k35.debugged.cnf.gz,900,900,401.945,900,900
Industrial/12/SATCompetition2011/application/SAT11/application/jarvisalo/AAAI2010-SATPlanning/aaai10-planning-ipc5-pipesworld-18-step16.cnf.gz,900,126.99,92.098,48.1888,376.025
Industrial/11/SAT-Race-2010-CNF/hardware-verification/manolios/c10idw_i.cnf.gz,900,303.278,110.162,24.8659,45.8228
Industrial/12/satrace2010/hardware-verification/velev/1dlx_c_iq57_a.cnf.gz,900,900,900,900,900
Industrial/12/satrace2010/cryptography/md5gen/gus-md5-09.cnf.gz,900,703.284,900,851.813,411.675
Industrial/12/SC2012_Application_Debugged/satrace-unselected/softveri/cbmc/aes_decry_2_rounds.debugged.cnf.gz,900,900,900,171.803,550.02
Industrial/12/SATCompetition2007/industrial/palacios/uts/uts-l06-ipc5-h31-unknown.cnf.gz,900,124.916,73.5185,17.6004,57.0819
Industrial/09/APPLICATION/SAT09/APPLICATIONS/satComp09_BioInstances/ndhf_xits_13_UNSAT.cnf.gz,900,900,900,900,900
Industrial/12/SC2012_Application_Debugged/satrace-unselected/ibm/2004/1_31_2/IBM_FV_2004_rule_batch_1_31_2_SAT_dat.k95.debugged.cnf.gz,900,900,141.312,258.845,445.483
Industrial/12/SATCompetition2011/application/SAT11/application/rintanen/SATPlanning/sokoban-sequential-p145-microban-sequential.030-NOTKNOWN.cnf.gz,900,95.3455,208.615,73.821,135.117
Industrial/12/SATCompetition2011/application/SAT03/industrial/goldberg/hard_eq_check/k2mul.miter.shuffled-as.sat03-355.cnf.gz,900,900,900,900,900
Industrial/11/09/bitverif/minandmaxor/minandmaxor016.cnf.gz,900,0.249759,1.51305,0.354013,0.242984
Industrial/11/11/leberre/2dimensionalstrippacking/E00N23.cnf.gz,900,900,900,900,900
Industrial/11/11/fuhs/AProVE11/AProVE11-12.cnf.gz,900,0.489165,3.60308,1.15839,0.58668
Industrial/12/SC2012_Application_Debugged/satrace-unselected/ibm/2004/1_31_2/IBM_FV_2004_rule_batch_1_31_2_SAT_dat.k65.debugged.cnf.gz,900,900,70.1795,127.213,128.139
Industrial/11/SAT_RACE08/cnf/ibm-2004-01-k90.cnf.gz,900,318.416,16.5475,15.0814,63.2686
Industrial/12/SC2012_Application_Debugged/satrace-unselected/softveri/cbmc/aes_equiv_encry_2_rounds.debugged.cnf.gz,900,900,900,166.282,484.961
Industrial/12/SATCompetition2011/application/SAT11/application/jarvisalo/AAAI2010-SATPlanning/aaai10-planning-ipc5-pipesworld-12-step16.cnf.gz,900,41.6797,97.7638,109.923,99.5009
Industrial/11/11/rintanen/SATPlanning/openstacks-sequencedstrips-nonadl-nonnegated-os-sequencedstrips-p30_3.025-NOTKNOWN.cnf.gz,900,900,900,900,900
Industrial/11/11/jarvisalo/HWMCC10-combination-timeframe-expansion/hwmcc10-timeframe-expansion-k45-pdtswvrod6x8p1-tseitin.cnf.gz,900,14.3763,34.4094,9.02335,7.90719
Industrial/12/SATCompetition2007/industrial/babic/xinetd/itox_vc1130.cnf.gz,900,2.74345,3.49302,6.60466,2.15325
Industrial/09/APPLICATION/SAT_RACE06/manol-pipe-g7nidw.cnf.gz,900,64.9629,18.8684,3.09277,3.721
Industrial/11/05/grieu05/vmpc/vmpc_25.renamed-as.sat05-1913.cnf.gz,900,12.6083,39.257,5.76214,2.18661
Industrial/12/satrace2010/software-verification/fuhs/AProVE07-08.cnf.gz,900,900,878.087,262.415,900
Industrial/09/APPLICATION/SAT09/APPLICATIONS/crypto/desgen/gss-33-s100.cnf.gz,900,900,900,900,900
Industrial/12/SC2012_Application_Debugged/satrace-unselected/ibm/2004/3_31_1/IBM_FV_2004_rule_batch_3_31_1_SAT_dat.k35.debugged.cnf.gz,900,900,371.923,900,900
Industrial/11/09/satComp09_BioInstances/rbcl_xits_18_SAT.cnf.gz,0.550989,4.27733,0.951852,1.63446,1.62334
Industrial/12/SATCompetition2009/application/SAT_RACE06/simon-s02b-k2f-gr-rcs-w8.cnf.gz,900,900,199.312,900,900
Industrial/12/satrace2008/goldb-heqc-alu4mul.cnf.gz,900,177.88,119.601,85.9119,102.563
Industrial/11/11/fuhs/slp-synthesis-AES/slp-synthesis-aes-top25.cnf.gz,900,900,900,900,900
Industrial/12/SATCompetition2011/application/SAT04/industrial/velev/vliw_unsat_2.0/9dlx_vliw_at_b_iq6.used-as.sat04-347.cnf.gz,900,900,900,647.227,900
Industrial/12/SATCompetition2009/application/SAT09/APPLICATIONS/diagnosis/UTI-20-5p0.cnf.gz,900,900,640.395,428.513,740.133
Industrial/12/satrace2010/cryptography/mizh/sha0_35_1.cnf.gz,900,43.6651,136.538,308.76,57.9229
Industrial/12/SATCompetition2009/application/SAT09/APPLICATIONS/satComp09_BioInstances/rbcl_xits_07_UNSAT.cnf.gz,900,166.805,283.791,190.215,88.7112
Industrial/12/SATCompetition2011/application/SAT11/application/jarvisalo/AAAI2010-SATPlanning/aaai10-planning-ipc5-rovers-18-step11.cnf.gz,900,900,900,7.79688,12.5891
Industrial/12/SATCompetition2007/industrial/palacios/medium/blocks-4-ipc5-h22-unknown.cnf.gz,900,47.0881,66.5697,17.4052,28.2323
Industrial/12/satrace2008/fuhs-aprove-16.cnf.gz,900,106.72,146.891,83.6453,161.539
Industrial/11/11/jarvisalo/HWMCC10-combination-timeframe-expansion/hwmcc10-timeframe-expansion-k45-pdtvisns3p02-tseitin.cnf.gz,900,900,900,900,900
Industrial/12/SATCompetition2007/industrial/velev/UNSAT2.0/9dlx_vliw_at_b_iq1.cnf.gz,900,900,37.8551,21.3143,188.258
Industrial/12/SATCompetition2011/application/SAT04/industrial/velev/pipe-sat-1-1/12pipe_bug6_q0.used-as.sat04-725.cnf.gz,900,698.42,12.86,28.8233,55.8622
Industrial/11/09/bitverif/countbitssrl/countbitssrl064.cnf.gz,900,900,900,900,900
Industrial/12/SATCompetition2009/application/SAT09/APPLICATIONS/c32sat/post-cbmc-aes-ee-r3-noholes.cnf.gz,900,900,900,388.385,900
Industrial/12/SATCompetition2011/application/SAT09/APPLICATIONS/diagnosis/UR-20-10p0.cnf.gz,900,900,900,900,900
Industrial/12/SATCompetition2011/application/SAT11/application/rintanen/SATPlanning/transport-transport-city-sequential-35nodes-1000size-4degree-100mindistance-4trucks-14packages-2008seed.040-NOTKNOWN.cnf.gz,900,900,900,698.012,900
Industrial/12/satrace2010/cryptography/desgen/gss-20-s100.cnf.gz,900,900,900,328.002,900
Industrial/09/APPLICATION/SAT09/APPLICATIONS/crypto/desgen/gss-32-s100.cnf.gz,900,900,900,900,900
Industrial/12/satrace2010/mixed/anbulagan/dated-10-13-u.cnf.gz,900,557.024,497.927,407.195,610.246
Industrial/11/11/rintanen/SATPlanning/openstacks-sequencedstrips-nonadl-nonnegated-os-sequencedstrips-p30_1.035-NOTKNOWN.cnf.gz,900,900,900,900,900
Industrial/12/SATCompetition2011/application/SAT11/application/manthey/traffic/traffic_r_sat.cnf.gz,366.313,26.9468,19.8929,19.2123,13.1598
Industrial/12/SATCompetition2009/application/SAT09/APPLICATIONS/diagnosis/UR-20-5p1.cnf.gz,900,900,900,698.384,483.893
Industrial/09/APPLICATION/SAT09/APPLICATIONS/crypto/md5gen/gus-md5-04.cnf.gz,900,2.53146,9.51314,2.8065,2.39872
Industrial/12/SATCompetition2011/application/SAT05/industrial/grieu05/vmpc/vmpc_29.renamed-as.sat05-1916.cnf.gz,900,26.4208,811.754,145.309,183.494
Industrial/12/satrace2010/mixed/bioinf/rpoc_xits_08_UNSAT.cnf.gz,900,900,900,900,900
Industrial/12/SATCompetition2011/application/SAT07/industrial/anbulagan/hard-sat/partial-10-15-s.cnf.gz,900,900,900,300.721,865.892
Industrial/12/SATCompetition2007/industrial/anbulagan/hard-sat/partial-10-11-s.cnf.gz,900,900,466.21,376.772,146.479
Industrial/11/11/rintanen/SATPlanning/sokoban-sequential-p145-microban-sequential.060-NOTKNOWN.cnf.gz,900,900,900,900,900
Industrial/11/11/jarvisalo/HWMCC10-combination-timeframe-expansion/hwmcc10-timeframe-expansion-k45-pdtswvtms14x8p1-tseitin.cnf.gz,900,8.43913,23.9474,5.91371,5.19282
Industrial/09/APPLICATION/SAT09/APPLICATIONS/satComp09_BioInstances/ndhf_xits_16_UNKNOWN.cnf.gz,900,900,900,900,900
Industrial/12/SATCompetition2011/application/SAT11/application/jarvisalo/smtqfbv-aigs/smtlib-qfbv-aigs-lfsr_008_079_112-tseitin.cnf.gz,900,18.6581,74.8652,448.188,39.2608
Industrial/12/satrace2008/palac-uts-l06-ipc5-h34.cnf.gz,900,72.9158,69.7473,20.8772,14.9508
Industrial/12/SC2012_Application_Debugged/satrace-unselected/ibm/2002/20_rule/SAT_dat.k65.debugged.cnf.gz,900,603.39,56.1919,48.6905,53.7825
Industrial/11/02/aloul/Bart/bart17.shuffled.cnf.gz,0.0388821,484.137,0.0226429,0.055217,0.0125451
Industrial/09/APPLICATION/SAT_RACE08/cnf/cmu-bmc-longmult15.cnf.gz,900,20.3117,1.0608,9.81203,15.2141
Industrial/09/APPLICATION/SAT09/APPLICATIONS/bitverif/countbitsrotate/countbitsrotate032.cnf.gz,900,900,900,900,900
Industrial/12/SATCompetition2009/application/SAT_RACE06/simon-s02b-dp11u10.cnf.gz,900,151.582,218.33,130.365,55.3146
Industrial/09/APPLICATION/SAT07/industrial/jarvisalo/eq.atree.braun.13.unsat.cnf.gz,900,900,900,900,900
Industrial/12/SATCompetition2011/application/SAT11/application/jarvisalo/HWMCC10-combination-timeframe-expansion/hwmcc10-timeframe-expansion-k50-pdtvisns3p00-tseitin.cnf.gz,900,900,900,900,900
Industrial/09/APPLICATION/SAT_RACE06/manol-pipe-g10bidw.cnf.gz,900,900,154.752,22.2898,75.267
Industrial/12/SATCompetition2011/application/SAT04/industrial/velev/pipe-sat-1-1/12pipe_bug4_q0.used-as.sat04-723.cnf.gz,900,900,15.6896,33.6382,70.2306
Industrial/09/APPLICATION/SAT09/APPLICATIONS/aprove09/AProVE09-13.cnf.gz,3.53984,0.119518,0.687487,0.685498,0.0990901
Industrial/12/SC2012_Application_Debugged/satrace-unselected/ibm/2002/31_2_rule_2/SAT_dat.k30.debugged.cnf.gz,900,900,529.873,900,802.823
Industrial/12/SATCompetition2011/application/SAT09/APPLICATIONS/diagnosis/UCG-15-10p0.cnf.gz,900,900,203.987,287.032,518.572
Industrial/11/02/biere/dinphil/dp04u03.shuffled.cnf.gz,900,0.017334,0.0512359,0.0347291,0.014622
Industrial/12/SATCompetition2009/application/SAT09/APPLICATIONS/satComp09_BioInstances/ndhf_xits_20_SAT.cnf.gz,4.0263,900,4.63158,62.9808,15.7816
Industrial/12/SATCompetition2011/application/SAT11/application/jarvisalo/smtqfbv-aigs/smtlib-qfbv-aigs-src_wget_vc18517-tseitin.cnf.gz,900,1.94205,12.4836,4.75503,1.75721
Industrial/12/satrace2008/mizh-sha0-36-4.cnf.gz,900,195.142,900,431.898,900
Industrial/12/SATCompetition2007/industrial/fuhs/medium/AProVE07-04.cnf.gz,900,139.982,36.855,66.0756,52.7552
Industrial/12/SATCompetition2011/application/SAT09/APPLICATIONS/diagnosis/UTI-20-10p1.cnf.gz,900,900,900,900,900
Industrial/12/SATCompetition2011/application/SAT11/application/jarvisalo/smtqfbv-aigs/smtlib-qfbv-aigs-bin_libmsrpc_vc1225336-tseitin.cnf.gz,900,2.25005,5.2316,5.68969,2.11872
Industrial/12/SATCompetition2007/industrial/fuhs/medium/AProVE07-11.cnf.gz,900,159.585,182.119,106.201,38.4419
Industrial/09/APPLICATION/SAT07/industrial/palacios/hard/safe-30-h29-unsat.cnf.gz,900,900,900,900,900
Industrial/12/SATCompetition2009/application/SAT_RACE06/velev-pipe-sat-1.0-b10.cnf.gz,900,8.70871,387.063,86.4227,154.268
Industrial/12/SATCompetition2007/SATCompetition2007/industrial/anbulagan/diag-sat/total-10-13-s.cnf.gz,900,4.1555,6.6078,7.14145,10.1907
Industrial/12/SATCompetition2009/application/SAT09/APPLICATIONS/satComp09_BioInstances/ndhf_xits_21_SAT.cnf.gz,1.16608,900,5.71446,14.3345,7.76621
Industrial/12/SATCompetition2009/application/SAT_RACE06/velev-pipe-uns-1.0-8.cnf.gz,900,900,357.431,900,625.751
Industrial/09/APPLICATION/SAT_RACE06/manol-pipe-f9n.cnf.gz,900,550.645,125.142,66.4545,110.245
Industrial/09/APPLICATION/SAT09/APPLICATIONS/bitverif/countbitsrotate/countbitsrotate128.cnf.gz,900,900,900,900,900
Industrial/09/APPLICATION/SAT09/APPLICATIONS/satComp09_BioInstances/ndhf_xits_14_UNSAT.cnf.gz,900,900,900,900,900
Industrial/11/11/leberre/2dimensionalstrippacking/E07N15.cnf.gz,900,0.11515,0.0685261,0.170252,0.0248799
Industrial/12/SATCompetition2009/application/SAT09/APPLICATIONS/bioinfo/q_query_3_L100_coli.sat.cnf.gz,900,900,203.189,82.9089,63.995
Industrial/12/SATCompetition2007/industrial/velev/SAT4.0/9vliw_m_9stages_iq3_C1_bug3.cnf.gz,900,20.222,49.4881,24.1217,66.3542
Industrial/09/APPLICATION/SAT09/APPLICATIONS/bitverif/minandmaxor/minandmaxor032.cnf.gz,900,11.5059,16.852,4.10416,11.364
Industrial/12/SATCompetition2011/application/SAT09/APPLICATIONS/diagnosis/ACG-15-5p1.cnf.gz,900,130.141,116.309,68.5255,124.97
Industrial/12/SATCompetition2011/application/SAT09/APPLICATIONS/bitverif/maxxor/maxxor064.cnf.gz,900,900,900,900,900
Industrial/11/02/goldberg/fpga_routing/vda_gr_rcs_w9.shuffled.cnf.gz,0.425224,0.817245,0.507722,0.817092,0.590241
Industrial/12/satrace2008/anbul-part-10-13-s.cnf.gz,900,900,900,900,900
Industrial/12/SATCompetition2011/application/SAT11/application/fuhs/AProVE11/AProVE11-15.cnf.gz,900,28.1043,26.3577,10.0918,7.95341
Industrial/11/11/fuhs/slp-synthesis-AES/slp-synthesis-aes-bottom16.cnf.gz,900,900,900,900,900
Industrial/12/satrace2008/vange-col-abb313GPIA-9-c.cnf.gz,2.9031,900,900,900,900
Industrial/09/APPLICATION/SAT09/APPLICATIONS/satComp09_BioInstances/ndhf_xits_10_UNSAT.cnf.gz,900,900,900,900,900
Industrial/09/APPLICATION/SAT07/industrial/anbulagan/hard-unsat/partial-5-13-u.cnf.gz,900,900,900,900,900
Industrial/12/satrace2008/post-cbmc-zfcp-2.8-u2.cnf.gz,900,29.5414,237.819,72.4135,78.981
Industrial/11/07/IBM_FV_2002_13_rule_1/SAT_dat.k80.cnf.gz,900,900,900,198.195,523.727
Industrial/12/satrace2010/mixed/diagnosis/ACG-15-10p0.cnf.gz,900,900,444.115,699.338,900
Industrial/12/SATCompetition2007/industrial/grieu/vmpc_30.cnf.gz,900,419.641,441.005,4.69704,647.091
Industrial/11/11/rintanen/SATPlanning/grid-strips-grid-y-4.025-NOTKNOWN.cnf.gz,900,24.2548,14.6902,12.3918,30.5192
Industrial/12/SATCompetition2007/industrial/velev/SAT4.0/9vliw_m_9stages_iq3_C1_bug4.cnf.gz,900,45.6247,44.2254,42.3361,73.183
Industrial/12/satrace2010/cryptography/mizh/sha0_35_3.cnf.gz,900,24.2311,49.9606,44.6581,372.286
Industrial/12/satrace2008/grieu-vmpc-31.cnf.gz,900,900,900,816.862,492.44
Industrial/12/satrace2010/cryptography/mizh/sha0_35_2.cnf.gz,900,37.3016,60.3043,12.1868,16.1309
Industrial/11/11/fuhs/slp-synthesis-AES/slp-synthesis-aes-bottom20.cnf.gz,900,900,900,900,900
Industrial/11/05/maris05/DriverLog/driverlog3_v01a.renamed-as.sat05-3963.cnf.gz,0.0168899,0.0501719,0.0211241,0.0286371,0.0105969
Industrial/11/11/leberre/2dimensionalstrippacking/E15N15.cnf.gz,900,0.051115,0.101716,0.183819,0.031536
Industrial/12/SATCompetition2009/application/SAT09/APPLICATIONS/aprove09/AProVE09-17.cnf.gz,900,12.0069,6.24298,5.18494,5.50721
Industrial/12/SATCompetition2007/industrial/palacios/hard/safe-50-h50-sat.cnf.gz,900,900,900,253.114,73.3142
Industrial/09/APPLICATION/SAT09/APPLICATIONS/satComp09_BioInstances/rpoc_xits_13_UNKNOWN.cnf.gz,900,900,900,900,900
Industrial/09/APPLICATION/SAT09/APPLICATIONS/satComp09_BioInstances/rpoc_xits_09_UNSAT.cnf.gz,900,900,900,900,900
Industrial/12/SATCompetition2007/industrial/babic/xinetd/itox_vc1044.cnf.gz,900,1.94859,2.9288,5.12505,2.08854
Industrial/09/APPLICATION/SAT_RACE06/simon-s03-fifo8-300.cnf.gz,900,19.2091,21.4751,16.0342,17.5986
Industrial/09/APPLICATION/SAT09/APPLICATIONS/diagnosis/UR-20-10p1.cnf.gz,900,900,900,900,900
Industrial/11/11/fuhs/AProVE11/AProVE11-11.cnf.gz,900,40.9516,70.7402,18.4996,16.2647
Industrial/12/satrace2008/schup-l2s-motst-2-k315.cnf.gz,900,144.12,122.924,37.6262,36.8618
Industrial/11/11/fuhs/slp-synthesis-AES/slp-synthesis-aes-top22.cnf.gz,900,900,900,900,900
Industrial/09/APPLICATION/SAT09/APPLICATIONS/satComp09_BioInstances/ndhf_xits_12_UNSAT.cnf.gz,900,900,900,900,900
Industrial/12/SATCompetition2011/application/SAT11/application/rintanen/SATPlanning/sokoban-sequential-p145-microban-sequential.040-NOTKNOWN.cnf.gz,900,900,900,900,900
Industrial/11/11/fuhs/slp-synthesis-AES/slp-synthesis-aes-bottom17.cnf.gz,900,900,900,900,900
Industrial/09/APPLICATION/SAT09/APPLICATIONS/aprove09/AProVE09-25.cnf.gz,900,0.413977,1.54113,1.2071,0.416422
Industrial/12/SATCompetition2007/industrial/palacios/uts/uts-l06-ipc5-h30-unknown.cnf.gz,900,60.6508,67.2794,15.6915,38.9393
Industrial/12/satrace2008/anbul-part-10-15-s.cnf.gz,900,900,276.425,299.394,759.318
Industrial/12/SATCompetition2007/industrial/fuhs/medium/AProVE07-20.cnf.gz,900,91.767,114.228,90.1762,109.47
Industrial/09/APPLICATION/SAT09/APPLICATIONS/crypto/desgen/gss-31-s100.cnf.gz,900,900,900,900,900
Industrial/09/APPLICATION/SAT_RACE08/cnf/manol-pipe-f9b.cnf.gz,900,421.018,127.771,72.2216,110.316
Industrial/12/SC2012_Application_Debugged/satrace-unselected/ibm/2002/31_2_rule_2/SAT_dat.k90.debugged.cnf.gz,900,900,900,900,900
Industrial/12/SATCompetition2007/industrial/palacios/medium/cube-9-h10-unsat.cnf.gz,900,9.74192,118.011,12.4206,48.0825
Industrial/12/SATCompetition2007/industrial/anbulagan/medium-sat/total-10-15-s.cnf.gz,900,12.3225,86.3228,94.664,198.38
Industrial/09/APPLICATION/SAT09/APPLICATIONS/bitverif/minxorminand/minxorminand032.cnf.gz,900,24.7501,17.9231,7.23061,9.71308
Industrial/11/11/jarvisalo/HWMCC10-combination-timeframe-expansion/hwmcc10-timeframe-expansion-k50-bc57sensorsp2-tseitin.cnf.gz,900,1.0898,3.67468,2.67138,1.11419
Industrial/12/satrace2008/anbul-dated-5-15-u.cnf.gz,900,171.045,127.56,258.882,210.097
Industrial/12/satrace2010/mixed/diagnosis/UCG-20-10p1.cnf.gz,900,900,900,900,900
Industrial/09/APPLICATION/SAT07/industrial/fuhs/hard/AProVE07-25.cnf.gz,900,900,900,900,900
Industrial/09/APPLICATION/SAT07/industrial/anbulagan/hard-unsat/dated-10-19-u.cnf.gz,900,900,900,900,900
Industrial/12/SATCompetition2011/application/SAT11/application/jarvisalo/HWMCC10-combination-timeframe-expansion/hwmcc10-timeframe-expansion-k45-pdtvissoap1-tseitin.cnf.gz,900,900,254.958,297.895,499.218
Industrial/09/APPLICATION/SAT07/industrial/anbulagan/hard-unsat/total-5-17-u.cnf.gz,900,900,900,900,900
Industrial/12/SATCompetition2011/application/SAT09/APPLICATIONS/satComp09_BioInstances/rbcl_xits_08_UNSAT.cnf.gz,900,900,900,900,900
Industrial/12/satrace2010/cryptography/mizh/sha0_35_4.cnf.gz,900,38.1666,215.057,56.2129,72.9607
Industrial/12/SATCompetition2011/application/SAT11/application/fuhs/AProVE11/AProVE11-06.cnf.gz,900,900,900,900,900
Industrial/12/SATCompetition2007/industrial/anbulagan/hard-unsat/dated-5-17-u.cnf.gz,900,246.513,224.026,267.409,334.954
Industrial/09/APPLICATION/SAT_RACE08/cnf/schup-l2s-abp4-1-k31.cnf.gz,900,57.6936,8.79116,7.19421,8.31425
Industrial/12/SATCompetition2007/industrial/babic/dspam/dspam_dump_vc950.cnf.gz,900,0.677788,2.90915,1.82184,0.64104
Industrial/09/APPLICATION/SAT07/industrial/anbulagan/medium-unsat/total-5-13-u.cnf.gz,900,23.2539,15.4184,19.4895,31.5478
Industrial/12/SATCompetition2007/industrial/grieu/vmpc_34.cnf.gz,900,900,900,825.99,748.538
Industrial/12/SC2012_Application_Debugged/satrace-unselected/ibm/2002/31_1_rule_1/SAT_dat.k35.debugged.cnf.gz,900,900,438.781,735.572,781.135
Industrial/12/SATCompetition2011/application/SAT07/industrial/palacios/medium/blocks-4-ipc5-h21-unknown.cnf.gz,900,39.175,52.7211,15.8791,16.0076
Industrial/12/SATCompetition2011/application/SAT11/application/rintanen/SATPlanning/blocks-blocks-36-0.120-NOTKNOWN.cnf.gz,900,900,900,900,900
Industrial/11/11/jarvisalo/AAAI2010-SATPlanning/aaai10-planning-ipc5-pipesworld-18-step15.cnf.gz,900,45.3666,36.8244,16.6047,16.6993
Industrial/12/SATCompetition2011/application/SAT11/application/manthey/traffic/traffic_f_unknown.cnf.gz,900,255.066,489.059,178.603,255.656
Industrial/12/SATCompetition2011/application/SAT11/application/leberre/2dimensionalstrippacking/korf-18.cnf.gz,900,900,900,900,900
Industrial/12/satrace2010/cryptography/md5gen/gus-md5-10.cnf.gz,900,900,900,900,900
Industrial/09/APPLICATION/SAT09/APPLICATIONS/bitverif/minandmaxor/minandmaxor128.cnf.gz,900,900,900,900,900
Industrial/12/SATCompetition2009/application/SAT09/APPLICATIONS/bioinfo/q_query_3_L90_coli.sat.cnf.gz,900,900,151.869,109.163,76.5562
Industrial/12/SATCompetition2011/application/SAT11/application/jarvisalo/HWMCC10-combination-timeframe-expansion/hwmcc10-timeframe-expansion-k45-pdtviseisenberg1-tseitin.cnf.gz,900,900,57.4516,21.646,50.5811
Industrial/12/satrace2008/velev-vliw-sat-4.0-b4.cnf.gz,900,40.2513,48.9267,41.547,75.3072
Industrial/12/satrace2008/post-c32s-gcdm16-23.cnf.gz,900,363.199,129.095,53.8941,83.3626
Industrial/11/07/anbulagan/medium-unsat/dated-5-11-u.cnf.gz,900,40.9899,23.7062,33.6139,43.1918
Industrial/09/APPLICATION/SAT09/APPLICATIONS/satComp09_BioInstances/rbcl_xits_09_UNKNOWN.cnf.gz,900,900,900,900,900
Industrial/09/APPLICATION/SAT09/APPLICATIONS/bitverif/maxand/maxand064.cnf.gz,900,2.18597,9.58168,2.18798,2.544
Industrial/09/APPLICATION/SAT09/APPLICATIONS/satComp09_BioInstances/rpoc_xits_17_SAT.cnf.gz,0.469021,24.2677,0.973951,2.08725,1.5335
Industrial/09/APPLICATION/SAT09/APPLICATIONS/satComp09_BioInstances/rbcl_xits_12_UNKNOWN.cnf.gz,900,900,900,900,900
Industrial/09/APPLICATION/SAT09/APPLICATIONS/satComp09_BioInstances/rbcl_xits_10_UNKNOWN.cnf.gz,900,900,900,900,900
Industrial/12/SATCompetition2009/application/SAT09/APPLICATIONS/diagnosis/UTI-15-5p0.cnf.gz,900,751.019,188.845,146.234,188.545
Industrial/12/satrace2008/aloul-chnl11-13.cnf.gz,900,900,900,900,900
Industrial/09/APPLICATION/SAT09/APPLICATIONS/bitverif/mulhs/mulhs016.cnf.gz,900,900,900,900,900
Industrial/12/SATCompetition2011/application/SAT11/application/leberre/2dimensionalstrippacking/E04F20.cnf.gz,900,512.094,310.36,32.6212,182.268
Industrial/11/11/fuhs/slp-synthesis-AES/slp-synthesis-aes-bottom25.cnf.gz,900,900,900,900,900
Industrial/11/11/kullmann/AES/Benchmarks/128/aes_128_1_keyfind_1.cnf.gz,900,900,900,900,900
Industrial/12/SATCompetition2011/application/SAT02/industrial/goldberg/rand_net/rand_net70-60-10.shuffled.cnf.gz,900,900,0.226164,490.368,249.155
Industrial/09/APPLICATION/SAT07/industrial/anbulagan/hard-unsat/total-10-19-u.cnf.gz,900,900,900,900,900
Industrial/11/SAT_RACE08/cnf/ibm-2004-23-k100.cnf.gz,900,900,251.981,267.812,302.442
Industrial/12/SC2012_Application_Debugged/satrace-unselected/zeus/esawn_uw3.debugged.cnf.gz,900,900,487.493,277.212,352.176
Industrial/12/SATCompetition2011/application/SAT11/application/fuhs/AProVE11/AProVE11-10.cnf.gz,900,5.17774,11.1534,18.6377,17.6909
Industrial/12/satrace2008/post-cbmc-aes-ee-r3.cnf.gz,900,900,900,416.047,900
Industrial/12/SATCompetition2007/industrial/babic/xinetd/itox_vc909.cnf.gz,900,2.35816,2.88012,4.5806,1.66551
Industrial/09/APPLICATION/SAT07/industrial/anbulagan/hard-unsat/partial-10-13-u.cnf.gz,900,900,900,900,900
Industrial/12/SATCompetition2011/application/SAT05/industrial/grieu05/vmpc/vmpc_32.renamed-as.sat05-1919.cnf.gz,900,531.022,900,808.13,757.941
Industrial/11/09/bitverif/smulo/smulo064.cnf.gz,900,900,900,900,900
Industrial/12/SATCompetition2011/application/SAT11/application/leberre/2dimensionalstrippacking/korf-17.cnf.gz,900,530.705,900,900,502.397
Industrial/12/SATCompetition2011/application/SAT07/industrial/vliw_unsat_2.0/9dlx_vliw_at_b_iq7.cnf.gz,900,900,900,900,900
Industrial/11/02/goldberg/rand_net/rand_net60-25-10.shuffled.cnf.gz,900,6.26386,0.0612649,3.93432,3.02881
Industrial/11/11/kullmann/AES/Benchmarks/64/aes_64_4_keyfind_1.cnf.gz,900,900,900,900,900
Industrial/12/SC2012_Application_Debugged/satrace-unselected/ibm/2004/1_31_1/IBM_FV_2004_rule_batch_1_31_1_SAT_dat.k90.debugged.cnf.gz,900,900,900,900,900
Industrial/12/SATCompetition2011/application/SAT11/application/rintanen/SATPlanning/transport-transport-three-cities-sequential-14nodes-1000size-4degree-100mindistance-4trucks-14packages-2008seed.030-NOTKNOWN.cnf.gz,900,900,900,900,900
Industrial/11/11/rintanen/SATPlanning/transport-transport-city-sequential-35nodes-1000size-4degree-100mindistance-4trucks-14packages-2008seed.050-SAT.cnf.gz,900,900,900,900,900
Industrial/12/SATCompetition2009/application/SAT09/APPLICATIONS/diagnosis/ACG-15-10p1.cnf.gz,900,900,394.68,900,900
Industrial/09/APPLICATION/SAT09/APPLICATIONS/bitverif/countbitssrl/countbitssrl016.cnf.gz,900,4.91508,3.65234,1.9788,3.90967
Industrial/12/SC2012_Application_Debugged/satrace-unselected/ibm/2002/24_1_rule_1/SAT_dat.k90.debugged.cnf.gz,900,900,900,900,900
Industrial/09/APPLICATION/SAT09/APPLICATIONS/crypto/desgen/gss-25-s100.cnf.gz,900,900,900,900,900
Industrial/11/11/leberre/2dimensionalstrippacking/E02F17.cnf.gz,900,35.2335,48.2506,20.8575,27.5328
Industrial/12/SATCompetition2009/application/SAT09/APPLICATIONS/satComp09_BioInstances/rpoc_xits_07_UNSAT.cnf.gz,900,91.1155,158.065,115.079,84.2268
Industrial/11/SAT-Race-2010-CNF/software-verification/nec/hard-6-U-7061.cnf.gz,900,7.23359,19.203,15.8936,5.52797
Industrial/12/SC2012_Application_Debugged/satrace-unselected/ibm/2004/2_31_1/IBM_FV_2004_rule_batch_2_31_1_SAT_dat.k80.debugged.cnf.gz,900,900,900,900,900
Industrial/12/SATCompetition2007/industrial/anbulagan/hard-sat/partial-10-19-s.cnf.gz,900,900,900,900,900
Industrial/12/SATCompetition2011/application/SAT11/application/rintanen/SATPlanning/blocks-blocks-37-1.120-NOTKNOWN.cnf.gz,900,187.015,123.735,100.606,93.449
Industrial/09/APPLICATION/SAT_RACE06/manol-pipe-g6bi.cnf.gz,900,0.846741,3.28212,0.76113,0.713188
Industrial/12/SATCompetition2007/industrial/velev/SAT4.0/9vliw_m_9stages_iq3_C1_bug7.cnf.gz,900,94.1698,47.8612,27.0249,116.685
Industrial/12/SATCompetition2007/industrial/palacios/medium/emptyroom-4-h21-unsat.cnf.gz,900,328.298,838.214,93.9683,88.151
Industrial/12/SATCompetition2011/application/SAT11/application/fuhs/slp-synthesis-AES/slp-synthesis-aes-top30.cnf.gz,900,900,900,900,805.554
Industrial/09/APPLICATION/SAT09/APPLICATIONS/crypto/md5gen/gus-md5-14.cnf.gz,900,900,900,900,900
Industrial/12/SATCompetition2011/application/SAT04/industrial/velev/vliw_unsat_2.0/9dlx_vliw_at_b_iq8.used-as.sat04-718.cnf.gz,900,900,900,900,900
Industrial/09/APPLICATION/SAT09/APPLICATIONS/satComp09_BioInstances/rpoc_xits_10_UNKNOWN.cnf.gz,900,900,900,900,900
Industrial/12/satrace2010/mixed/grieu/vmpc_31.cnf.gz,900,900,900,770.312,505.059
Industrial/12/SATCompetition2007/industrial/grieu/vmpc_29.cnf.gz,900,26.6682,799.427,148.256,179.549
Industrial/12/SATCompetition2007/industrial/velev/UNSAT2.0/9dlx_vliw_at_b_iq3.cnf.gz,900,900,230.978,127.66,900
Industrial/12/SATCompetition2011/application/SAT11/application/rintanen/SATPlanning/blocks-blocks-36-0.170-NOTKNOWN.cnf.gz,900,25.0985,96.464,60.54,101.781
Industrial/11/04/vangelder/cnf-color/abb313GPIA-9-tr.used-as.sat04-321.cnf.gz,1.64683,77.1238,2.57923,3.45344,1.96492
Industrial/12/SATCompetition2011/application/SAT11/application/jarvisalo/AAAI2010-SATPlanning/aaai10-planning-ipc5-TPP-30-step11.cnf.gz,900,820.832,113.132,60.9517,74.6286
Industrial/12/satrace2010/cryptography/md5gen/gus-md5-07.cnf.gz,900,40.9104,212.384,86.3842,48.3349
Industrial/09/APPLICATION/SAT09/APPLICATIONS/bitverif/mulhs/mulhs032.cnf.gz,900,900,900,900,900
Industrial/11/11/fuhs/slp-synthesis-AES/slp-synthesis-aes-top23.cnf.gz,900,900,900,900,900
Industrial/12/SATCompetition2011/application/SAT11/application/leberre/2dimensionalstrippacking/E05F18.cnf.gz,900,16.57,15.7861,4.46381,20.2581
Industrial/12/SATCompetition2011/application/SAT11/application/jarvisalo/AAAI2010-SATPlanning/aaai10-planning-ipc5-pathways-17-step20.cnf.gz,900,900,172.439,659.692,376.044
Industrial/09/APPLICATION/SAT07/industrial/jarvisalo/eq.atree.braun.12.unsat.cnf.gz,900,900,900,900,900
Industrial/12/satrace2010/hardware-verification/velev/1dlx_c_iq60_a.cnf.gz,900,900,900,900,900
Industrial/12/SATCompetition2007/industrial/narain/clauses-6.cnf.gz,900,130.344,53.8077,269.161,232.201
Industrial/09/APPLICATION/SAT09/APPLICATIONS/crypto/desgen/gss-14-s100.cnf.gz,900,37.5243,4.93771,21.5916,28.8496
Industrial/09/APPLICATION/SAT09/APPLICATIONS/bitverif/maxxororand/maxxororand128.cnf.gz,900,900,900,900,900
Industrial/12/satrace2008/velev-vliw-uns-4.0-9.cnf.gz,900,900,725.924,174.378,595.389
Industrial/12/satrace2010/mixed/grieu/vmpc_28.cnf.gz,900,16.2247,18.0428,26.8128,155.557
Industrial/09/APPLICATION/SAT09/APPLICATIONS/diagnosis/UR-10-5p1.cnf.gz,900,4.7494,25.4035,13.553,14.8049
Industrial/12/SATCompetition2007/industrial/palacios/medium/sortnet-7-ipc5-h16-sat.cnf.gz,900,900,97.6181,33.2943,44.9668
Industrial/12/SATCompetition2011/application/SAT04/industrial/hoonsang/vis-bmc/all.used-as.sat04-986.cnf.gz,900,97.5682,24.7484,17.936,32.2344
Industrial/09/APPLICATION/SAT09/APPLICATIONS/satComp09_BioInstances/ndhf_xits_11_UNSAT.cnf.gz,900,900,900,900,900
Industrial/12/SATCompetition2007/industrial/palacios/medium/cube-11-h13-unsat.cnf.gz,900,370.928,900,194.451,400.293
Industrial/11/11/jarvisalo/HWMCC10-combination-timeframe-expansion/hwmcc10-timeframe-expansion-k45-bc57sensorsp1-tseitin.cnf.gz,900,1.14422,2.6613,2.01937,0.83944
Industrial/12/SC2012_Application_Debugged/satrace-unselected/ibm/2002/31_2_rule_2/SAT_dat.k100.debugged.cnf.gz,900,900,900,900,900
Industrial/12/SATCompetition2011/application/SAT07/industrial/anbulagan/hard-sat/partial-10-13-s.cnf.gz,900,900,900,900,900
Industrial/12/SC2012_Application_Debugged/satrace-unselected/ibm/2002/31_1_rule_2/SAT_dat.k95.debugged.cnf.gz,900,900,900,900,900
Industrial/12/SATCompetition2011/application/SAT11/application/manthey/traffic/traffic_3_uc_sat.cnf.gz,900,602.659,135.48,43.4781,346.606
Industrial/11/11/jarvisalo/HWMCC10-combination-timeframe-expansion/hwmcc10-timeframe-expansion-k45-pdtswvqis8x8p2-tseitin.cnf.gz,900,3.92354,19.764,5.78369,3.89083
Industrial/11/11/fuhs/slp-synthesis-AES/slp-synthesis-aes-bottom23.cnf.gz,900,900,900,900,900
Industrial/11/02/biere/dinphil/dp10s10.shuffled.cnf.gz,900,0.572759,2.55228,0.484002,0.139858
Industrial/09/APPLICATION/SAT09/APPLICATIONS/satComp09_BioInstances/rpoc_xits_11_UNKNOWN.cnf.gz,900,900,900,900,900
Industrial/12/satrace2010/cryptography/desgen/gss-19-s100.cnf.gz,900,531.229,293.895,900,650.128
Industrial/09/APPLICATION/SAT09/APPLICATIONS/crypto/desgen/gss-28-s100.cnf.gz,900,900,900,900,900
Industrial/12/satrace2008/goldb-heqc-x1mul.cnf.gz,900,900,900,900,900
Industrial/12/SATCompetition2011/application/SAT11/application/jarvisalo/AAAI2010-SATPlanning/aaai10-planning-ipc5-TPP-21-step11.cnf.gz,900,900,900,900,900
Industrial/12/satrace2010/mixed/grieu/vmpc_27.cnf.gz,900,112.407,121.636,134.901,45.6913
Industrial/12/SATCompetition2007/industrial/palacios/uts/uts-l06-ipc5-h35-unknown.cnf.gz,900,120.771,77.9938,16.9955,16.069
Industrial/11/07/babic/hsatv17/hsat_vc12062.cnf.gz,900,1.14805,3.30635,4.68916,0.80372
Industrial/09/APPLICATION/SAT09/APPLICATIONS/bitverif/smulo/smulo128.cnf.gz,900,900,900,900,900
Industrial/12/SATCompetition2011/application/SAT11/application/jarvisalo/HWMCC10-combination-timeframe-expansion/hwmcc10-timeframe-expansion-k45-bobsmhdlc2-tseitin.cnf.gz,900,900,900,900,900
Industrial/11/05/maris05/Ferry/ferry5_ks99i.renamed-as.sat05-3994.cnf.gz,0.227198,0.059614,0.305163,0.088823,0.026829
Industrial/12/SATCompetition2011/application/SAT09/APPLICATIONS/bioinfo/q_query_3_L150_coli.sat.cnf.gz,900,900,260.836,82.0488,209.146
Industrial/12/satrace2008/goldb-heqc-dalumul.cnf.gz,900,900,708.298,258.69,300.974
Industrial/12/SATCompetition2011/application/SAT11/application/jarvisalo/smtqfbv-aigs/smtlib-qfbv-aigs-lfsr_008_063_080-tseitin.cnf.gz,900,900,43.2272,205.28,25.0567
Industrial/11/11/rintanen/SATPlanning/transport-transport-three-cities-sequential-14nodes-1000size-4degree-100mindistance-4trucks-14packages-2008seed.020-NOTKNOWN.cnf.gz,900,900,900,900,900
Industrial/12/SATCompetition2011/application/SAT11/application/jarvisalo/HWMCC10-combination-timeframe-expansion/hwmcc10-timeframe-expansion-k45-bobsm5378d2-tseitin.cnf.gz,900,900,220.134,62.4549,94.8737
Industrial/11/11/rintanen/SATPlanning/openstacks-sequencedstrips-nonadl-nonnegated-os-sequencedstrips-p30_1.045-NOTKNOWN.cnf.gz,900,900,900,900,900
Industrial/09/APPLICATION/SAT07/industrial/anbulagan/medium-unsat/total-5-11-u.cnf.gz,900,6.00824,6.98397,8.99378,11.3752
Industrial/11/09/diagnosis/UTI-20-10t1.cnf.gz,900,5.5795,10.5703,6.42349,6.56535
Industrial/12/SATCompetition2009/application/SAT09/APPLICATIONS/c32sat/post-cbmc-aes-d-r2-noholes.cnf.gz,900,900,900,173.08,550.369
Industrial/12/satrace2008/post-c32s-col400-16.cnf.gz,900,60.3091,343.141,98.1135,27.2406
Industrial/12/SATCompetition2009/application/SAT09/APPLICATIONS/diagnosis/UTI-15-10p0.cnf.gz,900,269.291,171.772,83.9604,79.7581
Industrial/12/SATCompetition2011/application/SAT11/application/rintanen/SATPlanning/transport-transport-city-sequential-25nodes-1000size-3degree-100mindistance-3trucks-10packages-2008seed.060-SAT.cnf.gz,900,561.844,900,132.561,159.139
Industrial/12/SATCompetition2007/industrial/anbulagan/medium-unsat/total-10-13-u.cnf.gz,900,481.259,345.566,524.998,409.559
Industrial/09/APPLICATION/SAT07/industrial/fuhs/hard/AProVE07-26.cnf.gz,900,900,900,900,900
Industrial/12/satrace2008/simon-s03-w08-15.cnf.gz,900,33.9572,38.7918,20.0452,10.0939
Industrial/12/SATCompetition2009/application/SAT09/APPLICATIONS/bioinfo/q_query_3_L80_coli.sat.cnf.gz,900,900,140.492,75.636,68.7742
Industrial/11/11/rintanen/SATPlanning/openstacks-sequencedstrips-nonadl-nonnegated-os-sequencedstrips-p30_3.045-NOTKNOWN.cnf.gz,900,900,900,900,900
Industrial/11/SAT-Race-2010-CNF/hardware-verification/velev/2dlx_ca_bp_f_liveness.cnf.gz,900,900,900,900,900
Industrial/12/satrace2008/post-cbmc-aes-d-r2.cnf.gz,900,900,900,174.176,583.638
Industrial/12/SATCompetition2007/industrial/fuhs/medium/AProVE07-09.cnf.gz,900,234.347,74.3346,92.6721,186.289
Industrial/09/APPLICATION/SAT09/APPLICATIONS/diagnosis/UTI-10-10p0.cnf.gz,900,74.1759,59.0007,32.4375,30.2522
Industrial/11/11/rintanen/SATPlanning/sokoban-sequential-p145-microban-sequential.080-SAT.cnf.gz,900,900,900,900,900
Industrial/09/APPLICATION/SAT09/APPLICATIONS/crypto/md5gen/gus-md5-16.cnf.gz,900,900,900,900,900
Industrial/11/11/jarvisalo/HWMCC10-combination-timeframe-expansion/hwmcc10-timeframe-expansion-k50-bjrb07amba2andenv-tseitin.cnf.gz,900,26.8057,28.8066,7.36973,7.50591
Industrial/12/SATCompetition2011/application/SAT05/industrial/narain05/vpn/clauses-8.renamed-as.sat05-1964.cnf.gz,900,900,269.88,900,900
Industrial/11/11/fuhs/slp-synthesis-AES/slp-synthesis-aes-bottom22.cnf.gz,900,900,900,900,900
Industrial/12/SATCompetition2011/application/SAT11/application/fuhs/AProVE11/AProVE11-02.cnf.gz,900,2.64216,9.7861,6.10719,3.13422
Industrial/11/SAT_RACE08/Q1/SAT_dat.k85.cnf.gz,900,900,168.717,561.121,489.902
Industrial/12/SATCompetition2011/application/SAT11/application/fuhs/slp-synthesis-AES/slp-synthesis-aes-bottom14.cnf.gz,900,900,900,900,900
Industrial/12/satrace2010/mixed/bioinf/q_query_3_l45_lambda.cnf.gz,900,199.083,232.743,139.421,187.756
Industrial/12/SC2012_Application_Debugged/satrace-unselected/softveri/cbmc/zfcp_sat_bench_2_8.debugged.cnf.gz,900,28.1366,242.248,75.9395,76.5972
Industrial/09/APPLICATION/SAT07/industrial/grieu/vmpc_25.cnf.gz,900,12.8297,39.4845,6.17302,2.20525
Industrial/09/APPLICATION/SAT09/APPLICATIONS/bioinfo/q_query_3_l37_lambda.cnf.gz,900,2.19709,3.71477,0.838245,0.533423
Industrial/12/SATCompetition2009/application/SAT09/APPLICATIONS/bitverif/minxor/minxor128.cnf.gz,900,900,372.612,278.121,337.105
Industrial/12/SATCompetition2011/application/SAT09/APPLICATIONS/crypto/desgen/gss-22-s100.cnf.gz,900,900,900,900,900
Industrial/12/SATCompetition2007/industrial/palacios/uts/uts-l06-ipc5-h33-unknown.cnf.gz,900,639.346,161.352,31.0346,88.0353
Industrial/09/APPLICATION/SAT09/APPLICATIONS/aprove09/AProVE09-21.cnf.gz,900,1.67828,5.0805,2.24452,0.699947
Industrial/11/03/schuppan/l2s/dme-03-1-k247-unsat.shuffled-as.sat03-407.cnf.gz,900,900,900,900,900
Industrial/12/satrace2010/mixed/anbulagan/dated-10-13-s.cnf.gz,900,3.49047,7.84229,12.3887,5.40742
Industrial/11/05/maris05/DriverLog/driverlog1_ks99i.renamed-as.sat05-3951.cnf.gz,0.01609,0.0111749,0.0242561,0.028584,0.00844098
Industrial/09/APPLICATION/SAT07/industrial/anbulagan/hard-unsat/dated-5-19-u.cnf.gz,900,900,900,900,900
Industrial/12/SATCompetition2011/application/SAT02/industrial/goldberg/rand_net/rand_net60-40-10.shuffled.cnf.gz,900,900,0.131066,245.492,297.26
Industrial/12/SATCompetition2011/application/SAT11/application/jarvisalo/AAAI2010-SATPlanning/aaai10-planning-ipc5-pipesworld-27-step13.cnf.gz,900,96.5346,64.4157,48.0373,74.992
Industrial/11/11/rintanen/SATPlanning/transport-transport-three-cities-sequential-14nodes-1000size-4degree-100mindistance-4trucks-14packages-2008seed.040-NOTKNOWN.cnf.gz,900,900,900,900,900
Industrial/12/SATCompetition2009/application/SAT_RACE06/velev-pipe-sat-1.0-b7.cnf.gz,900,900,92.9065,73.0408,124.712
Industrial/12/SATCompetition2011/application/SAT11/application/rintanen/SATPlanning/transport-transport-city-sequential-35nodes-1000size-4degree-100mindistance-4trucks-14packages-2008seed.030-NOTKNOWN.cnf.gz,900,900,900,900,900
